<Ver:02>

[EU,EV,UK,UL,AZ,HK,HL,PL,VN]
<cck, c1, c2, c5, c11>
ch001, 18, 18, 18, 18
ch002, 18, 18, 18, 18
ch003, 18, 18, 18, 18
ch004, 18, 18, 18, 18
ch005, 18, 18, 18, 18
ch006, 18, 18, 18, 18
ch007, 18, 18, 18, 18
ch008, 18, 18, 18, 18
ch009, 18, 18, 18, 18
ch010, 18, 18, 18, 18
ch011, 18, 18, 18, 18
ch012, 18, 18, 18, 18
ch013, 17, 17, 17, 17
ch014, 0, 0, 0, 0
</cck>

<ofdm, o6, o9, o12, o18, o24, o36, o48, o54>
ch001, 21, 21, 21, 21, 21, 21, 21, 21
ch002, 21, 21, 21, 21, 21, 21, 21, 21
ch003, 21, 21, 21, 21, 21, 21, 21, 21
ch004, 21, 21, 21, 21, 21, 21, 21, 21
ch005, 21, 21, 21, 21, 21, 21, 21, 21
ch006, 21, 21, 21, 21, 21, 21, 21, 21
ch007, 21, 21, 21, 21, 21, 21, 21, 21
ch008, 21, 21, 21, 21, 21, 21, 21, 21
ch009, 21, 21, 21, 21, 21, 21, 21, 21
ch010, 21, 21, 21, 21, 21, 21, 21, 21
ch011, 21, 21, 21, 21, 21, 21, 21, 21
ch012, 21, 21, 21, 21, 21, 21, 21, 21
ch013, 20, 20, 20, 20, 20, 20, 20, 20
ch014, 0, 0, 0, 0, 0, 0, 0, 0
ch036, 20, 20, 20, 20, 20, 20, 20, 20
ch038, 20, 20, 20, 20, 20, 20, 20, 20
ch040, 20, 20, 20, 20, 20, 20, 20, 20
ch042, 20, 20, 20, 20, 20, 20, 20, 20
ch044, 20, 20, 20, 20, 20, 20, 20, 20
ch046, 20, 20, 20, 20, 20, 20, 20, 20
ch048, 20, 20, 20, 20, 20, 20, 20, 20
ch050, 20, 20, 20, 20, 20, 20, 20, 20
ch052, 20, 20, 20, 20, 20, 20, 20, 20
ch054, 20, 20, 20, 20, 20, 20, 20, 20
ch056, 20, 20, 20, 20, 20, 20, 20, 20
ch058, 20, 20, 20, 20, 20, 20, 20, 20
ch060, 20, 20, 20, 20, 20, 20, 20, 20
ch062, 20, 20, 20, 20, 20, 20, 20, 20
ch064, 20, 20, 20, 20, 20, 20, 20, 20
ch100, 20, 20, 20, 20, 20, 20, 20, 20
ch102, 20, 20, 20, 20, 20, 20, 20, 20
ch104, 20, 20, 20, 20, 20, 20, 20, 20
ch106, 20, 20, 20, 20, 20, 20, 20, 20
ch108, 20, 20, 20, 20, 20, 20, 20, 20
ch110, 20, 20, 20, 20, 20, 20, 20, 20
ch112, 20, 20, 20, 20, 20, 20, 20, 20
ch114, 20, 20, 20, 20, 20, 20, 20, 20
ch116, 20, 20, 20, 20, 20, 20, 20, 20
ch118, 20, 20, 20, 20, 20, 20, 20, 20
ch120, 20, 20, 20, 20, 20, 20, 20, 20
ch122, 20, 20, 20, 20, 20, 20, 20, 20
ch124, 20, 20, 20, 20, 20, 20, 20, 20
ch126, 20, 20, 20, 20, 20, 20, 20, 20
ch128, 20, 20, 20, 20, 20, 20, 20, 20
ch132, 20, 20, 20, 20, 20, 20, 20, 20
ch134, 20, 20, 20, 20, 20, 20, 20, 20
ch136, 20, 20, 20, 20, 20, 20, 20, 20
ch138, 0, 0, 0, 0, 0, 0, 0, 0
ch140, 19, 19, 19, 19, 19, 19, 19, 19
ch142, 0, 0, 0, 0, 0, 0, 0, 0
ch144, 0, 0, 0, 0, 0, 0, 0, 0
ch149, 13, 13, 13, 13, 13, 13, 13, 13
ch151, 13, 13, 13, 13, 13, 13, 13, 13
ch153, 13, 13, 13, 13, 13, 13, 13, 13
ch155, 12, 12, 12, 12, 12, 12, 12, 12
ch157, 12, 12, 12, 12, 12, 12, 12, 12
ch159, 12, 12, 12, 12, 12, 12, 12, 12
ch161, 12, 12, 12, 12, 12, 12, 12, 12
ch165, 12, 12, 12, 12, 12, 12, 12, 12
</ofdm>

<ht20, m0, m1, m2, m3, m4, m5, m6, m7>
ch001, 21, 21, 21, 21, 21, 21, 21, 21
ch002, 21, 21, 21, 21, 21, 21, 21, 21
ch003, 21, 21, 21, 21, 21, 21, 21, 21
ch004, 21, 21, 21, 21, 21, 21, 21, 21
ch005, 21, 21, 21, 21, 21, 21, 21, 21
ch006, 21, 21, 21, 21, 21, 21, 21, 21
ch007, 21, 21, 21, 21, 21, 21, 21, 21
ch008, 21, 21, 21, 21, 21, 21, 21, 21
ch009, 21, 21, 21, 21, 21, 21, 21, 21
ch010, 21, 21, 21, 21, 21, 21, 21, 21
ch011, 21, 21, 21, 21, 21, 21, 21, 21
ch012, 21, 21, 21, 21, 21, 21, 21, 21
ch013, 20, 20, 20, 20, 20, 20, 20, 20
ch014, 0, 0, 0, 0, 0, 0, 0, 0
ch036, 20, 20, 20, 20, 20, 20, 20, 20
ch038, 20, 20, 20, 20, 20, 20, 20, 20
ch040, 20, 20, 20, 20, 20, 20, 20, 20
ch042, 20, 20, 20, 20, 20, 20, 20, 20
ch044, 20, 20, 20, 20, 20, 20, 20, 20
ch046, 20, 20, 20, 20, 20, 20, 20, 20
ch048, 20, 20, 20, 20, 20, 20, 20, 20
ch050, 20, 20, 20, 20, 20, 20, 20, 20
ch052, 21, 21, 21, 21, 21, 21, 21, 21
ch054, 21, 21, 21, 21, 21, 21, 21, 21
ch056, 21, 21, 21, 21, 21, 21, 21, 21
ch058, 21, 21, 21, 21, 21, 21, 21, 21
ch060, 21, 21, 21, 21, 21, 21, 21, 21
ch062, 21, 21, 21, 21, 21, 21, 21, 21
ch064, 21, 21, 21, 21, 21, 21, 21, 21
ch100, 21, 21, 21, 21, 21, 21, 21, 21
ch102, 21, 21, 21, 21, 21, 21, 21, 21
ch104, 21, 21, 21, 21, 21, 21, 21, 21
ch106, 21, 21, 21, 21, 21, 21, 21, 21
ch108, 21, 21, 21, 21, 21, 21, 21, 21
ch110, 21, 21, 21, 21, 21, 21, 21, 21
ch112, 21, 21, 21, 21, 21, 21, 21, 21
ch114, 21, 21, 21, 21, 21, 21, 21, 21
ch116, 21, 21, 21, 21, 21, 21, 21, 21
ch118, 21, 21, 21, 21, 21, 21, 21, 21
ch120, 21, 21, 21, 21, 21, 21, 21, 21
ch122, 21, 21, 21, 21, 21, 21, 21, 21
ch124, 21, 21, 21, 21, 21, 21, 21, 21
ch126, 21, 21, 21, 21, 21, 21, 21, 21
ch128, 21, 21, 21, 21, 21, 21, 21, 21
ch132, 21, 21, 21, 21, 21, 21, 21, 21
ch134, 21, 21, 21, 21, 21, 21, 21, 21
ch136, 21, 21, 21, 21, 21, 21, 21, 21
ch138, 0, 0, 0, 0, 0, 0, 0, 0
ch140, 20, 20, 20, 20, 20, 20, 20, 20
ch142, 0, 0, 0, 0, 0, 0, 0, 0
ch144, 0, 0, 0, 0, 0, 0, 0, 0
ch149, 12, 12, 12, 12, 12, 12, 12, 12
ch151, 12, 12, 12, 12, 12, 12, 12, 12
ch153, 12, 12, 12, 12, 12, 12, 12, 12
ch155, 12, 12, 12, 12, 12, 12, 12, 12
ch157, 12, 12, 12, 12, 12, 12, 12, 12
ch159, 12, 12, 12, 12, 12, 12, 12, 12
ch161, 12, 12, 12, 12, 12, 12, 12, 12
ch165, 12, 12, 12, 12, 12, 12, 12, 12
</ht20>

<ht40, m0, m1, m2, m3, m4, m5, m6, m7, m32>
ch038, 20, 20, 20, 20, 20, 20, 20, 20, 0
ch042, 20, 20, 20, 20, 20, 20, 20, 20, 0
ch046, 20, 20, 20, 20, 20, 20, 20, 20, 0
ch050, 20, 20, 20, 20, 20, 20, 20, 20, 0
ch054, 24, 24, 24, 24, 24, 24, 24, 24, 0
ch058, 24, 24, 24, 24, 24, 24, 24, 24, 0
ch062, 24, 24, 24, 24, 24, 24, 24, 24, 0
ch102, 24, 24, 24, 24, 24, 24, 24, 24, 0
ch106, 24, 24, 24, 24, 24, 24, 24, 24, 0
ch110, 24, 24, 24, 24, 24, 24, 24, 24, 0
ch114, 24, 24, 24, 24, 24, 24, 24, 24, 0
ch118, 24, 24, 24, 24, 24, 24, 24, 24, 0
ch122, 24, 24, 24, 24, 24, 24, 24, 24, 0
ch126, 24, 24, 24, 24, 24, 24, 24, 24, 0
ch134, 23, 23, 23, 23, 23, 23, 23, 23, 0
ch138, 0, 0, 0, 0, 0, 0, 0, 0, 0
ch142, 0, 0, 0, 0, 0, 0, 0, 0, 0
ch151, 12, 12, 12, 12, 12, 12, 12, 12, 0
ch155, 12, 12, 12, 12, 12, 12, 12, 12, 0
ch159, 12, 12, 12, 12, 12, 12, 12, 12, 0
</ht40>

<vht20, m0, m1, m2, m3, m4, m5, m6, m7, m8, m9>
ch001, 21, 21, 21, 21, 21, 21, 21, 21, 21, 0
ch002, 21, 21, 21, 21, 21, 21, 21, 21, 21, 0
ch003, 21, 21, 21, 21, 21, 21, 21, 21, 21, 0
ch004, 21, 21, 21, 21, 21, 21, 21, 21, 21, 0
ch005, 21, 21, 21, 21, 21, 21, 21, 21, 21, 0
ch006, 21, 21, 21, 21, 21, 21, 21, 21, 21, 0
ch007, 21, 21, 21, 21, 21, 21, 21, 21, 21, 0
ch008, 21, 21, 21, 21, 21, 21, 21, 21, 21, 0
ch009, 21, 21, 21, 21, 21, 21, 21, 21, 21, 0
ch010, 21, 21, 21, 21, 21, 21, 21, 21, 21, 0
ch011, 21, 21, 21, 21, 21, 21, 21, 21, 21, 0
ch012, 21, 21, 21, 21, 21, 21, 21, 21, 21, 0
ch013, 20, 20, 20, 20, 20, 20, 20, 20, 20, 0
ch014, 0, 0, 0, 0, 0, 0, 0, 0, 0, 0
ch036, 20, 20, 20, 20, 20, 20, 20, 20, 20, 0
ch038, 20, 20, 20, 20, 20, 20, 20, 20, 20, 0
ch040, 20, 20, 20, 20, 20, 20, 20, 20, 20, 0
ch042, 20, 20, 20, 20, 20, 20, 20, 20, 20, 0
ch044, 20, 20, 20, 20, 20, 20, 20, 20, 20, 0
ch046, 20, 20, 20, 20, 20, 20, 20, 20, 20, 0
ch048, 20, 20, 20, 20, 20, 20, 20, 20, 20, 0
ch050, 20, 20, 20, 20, 20, 20, 20, 20, 20, 0
ch052, 21, 21, 21, 21, 21, 21, 21, 21, 21, 0
ch054, 21, 21, 21, 21, 21, 21, 21, 21, 21, 0
ch056, 21, 21, 21, 21, 21, 21, 21, 21, 21, 0
ch058, 21, 21, 21, 21, 21, 21, 21, 21, 21, 0
ch060, 21, 21, 21, 21, 21, 21, 21, 21, 21, 0
ch062, 21, 21, 21, 21, 21, 21, 21, 21, 21, 0
ch064, 21, 21, 21, 21, 21, 21, 21, 21, 21, 0
ch100, 21, 21, 21, 21, 21, 21, 21, 21, 21, 0
ch102, 21, 21, 21, 21, 21, 21, 21, 21, 21, 0
ch104, 21, 21, 21, 21, 21, 21, 21, 21, 21, 0
ch106, 21, 21, 21, 21, 21, 21, 21, 21, 21, 0
ch108, 21, 21, 21, 21, 21, 21, 21, 21, 21, 0
ch110, 21, 21, 21, 21, 21, 21, 21, 21, 21, 0
ch112, 21, 21, 21, 21, 21, 21, 21, 21, 21, 0
ch114, 21, 21, 21, 21, 21, 21, 21, 21, 21, 0
ch116, 21, 21, 21, 21, 21, 21, 21, 21, 21, 0
ch118, 21, 21, 21, 21, 21, 21, 21, 21, 21, 0
ch120, 21, 21, 21, 21, 21, 21, 21, 21, 21, 0
ch122, 21, 21, 21, 21, 21, 21, 21, 21, 21, 0
ch124, 21, 21, 21, 21, 21, 21, 21, 21, 21, 0
ch126, 21, 21, 21, 21, 21, 21, 21, 21, 21, 0
ch128, 21, 21, 21, 21, 21, 21, 21, 21, 21, 0
ch132, 21, 21, 21, 21, 21, 21, 21, 21, 21, 0
ch134, 21, 21, 21, 21, 21, 21, 21, 21, 21, 0
ch136, 21, 21, 21, 21, 21, 21, 21, 21, 21, 0
ch138, 0, 0, 0, 0, 0, 0, 0, 0, 0, 0
ch140, 20, 20, 20, 20, 20, 20, 20, 20, 20, 0
ch142, 0, 0, 0, 0, 0, 0, 0, 0, 0, 0
ch144, 0, 0, 0, 0, 0, 0, 0, 0, 0, 0
ch149, 12, 12, 12, 12, 12, 12, 12, 12, 12, 0
ch151, 12, 12, 12, 12, 12, 12, 12, 12, 12, 0
ch153, 12, 12, 12, 12, 12, 12, 12, 12, 12, 0
ch155, 12, 12, 12, 12, 12, 12, 12, 12, 12, 0
ch157, 12, 12, 12, 12, 12, 12, 12, 12, 12, 0
ch159, 12, 12, 12, 12, 12, 12, 12, 12, 12, 0
ch161, 12, 12, 12, 12, 12, 12, 12, 12, 12, 0
ch165, 12, 12, 12, 12, 12, 12, 12, 12, 12, 0
</vht20>

<vht40, m0, m1, m2, m3, m4, m5, m6, m7, m8, m9>
ch038, 20, 20, 20, 20, 20, 20, 20, 20, 20, 20
ch042, 20, 20, 20, 20, 20, 20, 20, 20, 20, 20
ch046, 20, 20, 20, 20, 20, 20, 20, 20, 20, 20
ch050, 20, 20, 20, 20, 20, 20, 20, 20, 20, 20
ch054, 24, 24, 24, 24, 24, 24, 24, 24, 22, 22
ch058, 24, 24, 24, 24, 24, 24, 24, 24, 22, 22
ch062, 24, 24, 24, 24, 24, 24, 24, 24, 22, 22
ch102, 24, 24, 24, 24, 24, 24, 24, 24, 22, 22
ch106, 24, 24, 24, 24, 24, 24, 24, 24, 22, 22
ch110, 24, 24, 24, 24, 24, 24, 24, 24, 22, 22
ch114, 24, 24, 24, 24, 24, 24, 24, 24, 22, 22
ch118, 24, 24, 24, 24, 24, 24, 24, 24, 22, 22
ch122, 24, 24, 24, 24, 24, 24, 24, 24, 22, 22
ch126, 24, 24, 24, 24, 24, 24, 24, 24, 22, 22
ch134, 23, 23, 23, 23, 23, 23, 23, 23, 22, 22
ch138, 0, 0, 0, 0, 0, 0, 0, 0, 0, 0
ch142, 0, 0, 0, 0, 0, 0, 0, 0, 0, 0
ch151, 12, 12, 12, 12, 12, 12, 12, 12, 12, 12
ch155, 12, 12, 12, 12, 12, 12, 12, 12, 12, 12
ch159, 12, 12, 12, 12, 12, 12, 12, 12, 12, 12
</vht40>

<vht80, m0, m1, m2, m3, m4, m5, m6, m7, m8, m9>
ch042, 20, 20, 20, 20, 20, 20, 20, 20, 20, 20
ch050, 20, 20, 20, 20, 20, 20, 20, 20, 20, 20
ch058, 24, 24, 24, 24, 24, 24, 24, 24, 22, 22
ch106, 24, 24, 24, 24, 24, 24, 24, 24, 22, 22
ch114, 24, 24, 24, 24, 24, 24, 24, 24, 22, 22
ch122, 24, 24, 24, 24, 24, 24, 24, 24, 22, 22
ch138, 0, 0, 0, 0, 0, 0, 0, 0, 0, 0
ch155, 13, 13, 13, 13, 13, 13, 13, 13, 13, 13
</vht80>

<ru26, m0, m1, m2, m3, m4, m5, m6, m7, m8, m9, m10, m11>
ch001, 21, 21, 21, 21, 21, 21, 21, 21, 21, 21, 21, 21
ch002, 21, 21, 21, 21, 21, 21, 21, 21, 21, 21, 21, 21
ch003, 21, 21, 21, 21, 21, 21, 21, 21, 21, 21, 21, 21
ch004, 21, 21, 21, 21, 21, 21, 21, 21, 21, 21, 21, 21
ch005, 21, 21, 21, 21, 21, 21, 21, 21, 21, 21, 21, 21
ch006, 21, 21, 21, 21, 21, 21, 21, 21, 21, 21, 21, 21
ch007, 21, 21, 21, 21, 21, 21, 21, 21, 21, 21, 21, 21
ch008, 21, 21, 21, 21, 21, 21, 21, 21, 21, 21, 21, 21
ch009, 21, 21, 21, 21, 21, 21, 21, 21, 21, 21, 21, 21
ch010, 21, 21, 21, 21, 21, 21, 21, 21, 21, 21, 21, 21
ch011, 21, 21, 21, 21, 21, 21, 21, 21, 21, 21, 21, 21
ch012, 21, 21, 21, 21, 21, 21, 21, 21, 21, 21, 21, 21
ch013, 21, 21, 21, 21, 21, 21, 21, 21, 21, 21, 21, 21
ch014, 0, 0, 0, 0, 0, 0, 0, 0, 0, 0, 0, 0
ch036, 1, 1, 1, 1, 1, 1, 1, 1, 1, 1, 1, 1
ch038, 1, 1, 1, 1, 1, 1, 1, 1, 1, 1, 1, 1
ch040, 1, 1, 1, 1, 1, 1, 1, 1, 1, 1, 1, 1
ch042, 1, 1, 1, 1, 1, 1, 1, 1, 1, 1, 1, 1
ch044, 1, 1, 1, 1, 1, 1, 1, 1, 1, 1, 1, 1
ch046, 1, 1, 1, 1, 1, 1, 1, 1, 1, 1, 1, 1
ch048, 1, 1, 1, 1, 1, 1, 1, 1, 1, 1, 1, 1
ch050, 1, 1, 1, 1, 1, 1, 1, 1, 1, 1, 1, 1
ch052, 2, 2, 2, 2, 2, 2, 2, 2, 2, 2, 2, 2
ch054, 2, 2, 2, 2, 2, 2, 2, 2, 2, 2, 2, 2
ch056, 2, 2, 2, 2, 2, 2, 2, 2, 2, 2, 2, 2
ch058, 2, 2, 2, 2, 2, 2, 2, 2, 2, 2, 2, 2
ch060, 2, 2, 2, 2, 2, 2, 2, 2, 2, 2, 2, 2
ch062, 2, 2, 2, 2, 2, 2, 2, 2, 2, 2, 2, 2
ch064, 2, 2, 2, 2, 2, 2, 2, 2, 2, 2, 2, 2
ch100, 2, 2, 2, 2, 2, 2, 2, 2, 2, 2, 2, 2
ch102, 2, 2, 2, 2, 2, 2, 2, 2, 2, 2, 2, 2
ch104, 2, 2, 2, 2, 2, 2, 2, 2, 2, 2, 2, 2
ch106, 2, 2, 2, 2, 2, 2, 2, 2, 2, 2, 2, 2
ch108, 2, 2, 2, 2, 2, 2, 2, 2, 2, 2, 2, 2
ch110, 2, 2, 2, 2, 2, 2, 2, 2, 2, 2, 2, 2
ch112, 2, 2, 2, 2, 2, 2, 2, 2, 2, 2, 2, 2
ch114, 2, 2, 2, 2, 2, 2, 2, 2, 2, 2, 2, 2
ch116, 2, 2, 2, 2, 2, 2, 2, 2, 2, 2, 2, 2
ch118, 2, 2, 2, 2, 2, 2, 2, 2, 2, 2, 2, 2
ch120, 2, 2, 2, 2, 2, 2, 2, 2, 2, 2, 2, 2
ch122, 2, 2, 2, 2, 2, 2, 2, 2, 2, 2, 2, 2
ch124, 2, 2, 2, 2, 2, 2, 2, 2, 2, 2, 2, 2
ch126, 2, 2, 2, 2, 2, 2, 2, 2, 2, 2, 2, 2
ch128, 2, 2, 2, 2, 2, 2, 2, 2, 2, 2, 2, 2
ch132, 2, 2, 2, 2, 2, 2, 2, 2, 2, 2, 2, 2
ch134, 2, 2, 2, 2, 2, 2, 2, 2, 2, 2, 2, 2
ch136, 2, 2, 2, 2, 2, 2, 2, 2, 2, 2, 2, 2
ch138, 0, 0, 0, 0, 0, 0, 0, 0, 0, 0, 0, 0
ch140, 1, 1, 1, 1, 1, 1, 1, 1, 1, 1, 1, 1
ch142, 0, 0, 0, 0, 0, 0, 0, 0, 0, 0, 0, 0
ch144, 0, 0, 0, 0, 0, 0, 0, 0, 0, 0, 0, 0
ch149, 12, 12, 12, 12, 12, 12, 12, 12, 12, 12, 12, 12
ch151, 12, 12, 12, 12, 12, 12, 12, 12, 12, 12, 12, 12
ch153, 12, 12, 12, 12, 12, 12, 12, 12, 12, 12, 12, 12
ch155, 12, 12, 12, 12, 12, 12, 12, 12, 12, 12, 12, 12
ch157, 12, 12, 12, 12, 12, 12, 12, 12, 12, 12, 12, 12
ch159, 12, 12, 12, 12, 12, 12, 12, 12, 12, 12, 12, 12
ch161, 12, 12, 12, 12, 12, 12, 12, 12, 12, 12, 12, 12
ch165, 12, 12, 12, 12, 12, 12, 12, 12, 12, 12, 12, 12
</ru26>

<ru52, m0, m1, m2, m3, m4, m5, m6, m7, m8, m9, m10, m11>
ch001, 21, 21, 21, 21, 21, 21, 21, 21, 21, 21, 21, 21
ch002, 21, 21, 21, 21, 21, 21, 21, 21, 21, 21, 21, 21
ch003, 21, 21, 21, 21, 21, 21, 21, 21, 21, 21, 21, 21
ch004, 21, 21, 21, 21, 21, 21, 21, 21, 21, 21, 21, 21
ch005, 21, 21, 21, 21, 21, 21, 21, 21, 21, 21, 21, 21
ch006, 21, 21, 21, 21, 21, 21, 21, 21, 21, 21, 21, 21
ch007, 21, 21, 21, 21, 21, 21, 21, 21, 21, 21, 21, 21
ch008, 21, 21, 21, 21, 21, 21, 21, 21, 21, 21, 21, 21
ch009, 21, 21, 21, 21, 21, 21, 21, 21, 21, 21, 21, 21
ch010, 21, 21, 21, 21, 21, 21, 21, 21, 21, 21, 21, 21
ch011, 21, 21, 21, 21, 21, 21, 21, 21, 21, 21, 21, 21
ch012, 21, 21, 21, 21, 21, 21, 21, 21, 21, 21, 21, 21
ch013, 21, 21, 21, 21, 21, 21, 21, 21, 21, 21, 21, 21
ch014, 0, 0, 0, 0, 0, 0, 0, 0, 0, 0, 0, 0
ch036, 7, 7, 7, 7, 7, 7, 7, 7, 7, 7, 7, 7
ch038, 7, 7, 7, 7, 7, 7, 7, 7, 7, 7, 7, 7
ch040, 7, 7, 7, 7, 7, 7, 7, 7, 7, 7, 7, 7
ch042, 7, 7, 7, 7, 7, 7, 7, 7, 7, 7, 7, 7
ch044, 7, 7, 7, 7, 7, 7, 7, 7, 7, 7, 7, 7
ch046, 7, 7, 7, 7, 7, 7, 7, 7, 7, 7, 7, 7
ch048, 7, 7, 7, 7, 7, 7, 7, 7, 7, 7, 7, 7
ch050, 7, 7, 7, 7, 7, 7, 7, 7, 7, 7, 7, 7
ch052, 8, 8, 8, 8, 8, 8, 8, 8, 8, 8, 8, 8
ch054, 8, 8, 8, 8, 8, 8, 8, 8, 8, 8, 8, 8
ch056, 8, 8, 8, 8, 8, 8, 8, 8, 8, 8, 8, 8
ch058, 8, 8, 8, 8, 8, 8, 8, 8, 8, 8, 8, 8
ch060, 8, 8, 8, 8, 8, 8, 8, 8, 8, 8, 8, 8
ch062, 8, 8, 8, 8, 8, 8, 8, 8, 8, 8, 8, 8
ch064, 8, 8, 8, 8, 8, 8, 8, 8, 8, 8, 8, 8
ch100, 8, 8, 8, 8, 8, 8, 8, 8, 8, 8, 8, 8
ch102, 8, 8, 8, 8, 8, 8, 8, 8, 8, 8, 8, 8
ch104, 8, 8, 8, 8, 8, 8, 8, 8, 8, 8, 8, 8
ch106, 8, 8, 8, 8, 8, 8, 8, 8, 8, 8, 8, 8
ch108, 8, 8, 8, 8, 8, 8, 8, 8, 8, 8, 8, 8
ch110, 8, 8, 8, 8, 8, 8, 8, 8, 8, 8, 8, 8
ch112, 8, 8, 8, 8, 8, 8, 8, 8, 8, 8, 8, 8
ch114, 8, 8, 8, 8, 8, 8, 8, 8, 8, 8, 8, 8
ch116, 8, 8, 8, 8, 8, 8, 8, 8, 8, 8, 8, 8
ch118, 8, 8, 8, 8, 8, 8, 8, 8, 8, 8, 8, 8
ch120, 8, 8, 8, 8, 8, 8, 8, 8, 8, 8, 8, 8
ch122, 8, 8, 8, 8, 8, 8, 8, 8, 8, 8, 8, 8
ch124, 8, 8, 8, 8, 8, 8, 8, 8, 8, 8, 8, 8
ch126, 8, 8, 8, 8, 8, 8, 8, 8, 8, 8, 8, 8
ch128, 8, 8, 8, 8, 8, 8, 8, 8, 8, 8, 8, 8
ch132, 8, 8, 8, 8, 8, 8, 8, 8, 8, 8, 8, 8
ch134, 8, 8, 8, 8, 8, 8, 8, 8, 8, 8, 8, 8
ch136, 8, 8, 8, 8, 8, 8, 8, 8, 8, 8, 8, 8
ch138, 0, 0, 0, 0, 0, 0, 0, 0, 0, 0, 0, 0
ch140, 7, 7, 7, 7, 7, 7, 7, 7, 7, 7, 7, 7
ch142, 0, 0, 0, 0, 0, 0, 0, 0, 0, 0, 0, 0
ch144, 0, 0, 0, 0, 0, 0, 0, 0, 0, 0, 0, 0
ch149, 12, 12, 12, 12, 12, 12, 12, 12, 12, 12, 12, 12
ch151, 12, 12, 12, 12, 12, 12, 12, 12, 12, 12, 12, 12
ch153, 12, 12, 12, 12, 12, 12, 12, 12, 12, 12, 12, 12
ch155, 12, 12, 12, 12, 12, 12, 12, 12, 12, 12, 12, 12
ch157, 12, 12, 12, 12, 12, 12, 12, 12, 12, 12, 12, 12
ch159, 12, 12, 12, 12, 12, 12, 12, 12, 12, 12, 12, 12
ch161, 12, 12, 12, 12, 12, 12, 12, 12, 12, 12, 12, 12
ch165, 12, 12, 12, 12, 12, 12, 12, 12, 12, 12, 12, 12
</ru52>

<ru106, m0, m1, m2, m3, m4, m5, m6, m7, m8, m9, m10, m11>
ch001, 21, 21, 21, 21, 21, 21, 21, 21, 21, 21, 21, 21
ch002, 21, 21, 21, 21, 21, 21, 21, 21, 21, 21, 21, 21
ch003, 21, 21, 21, 21, 21, 21, 21, 21, 21, 21, 21, 21
ch004, 21, 21, 21, 21, 21, 21, 21, 21, 21, 21, 21, 21
ch005, 21, 21, 21, 21, 21, 21, 21, 21, 21, 21, 21, 21
ch006, 21, 21, 21, 21, 21, 21, 21, 21, 21, 21, 21, 21
ch007, 21, 21, 21, 21, 21, 21, 21, 21, 21, 21, 21, 21
ch008, 21, 21, 21, 21, 21, 21, 21, 21, 21, 21, 21, 21
ch009, 21, 21, 21, 21, 21, 21, 21, 21, 21, 21, 21, 21
ch010, 21, 21, 21, 21, 21, 21, 21, 21, 21, 21, 21, 21
ch011, 21, 21, 21, 21, 21, 21, 21, 21, 21, 21, 21, 21
ch012, 21, 21, 21, 21, 21, 21, 21, 21, 21, 21, 21, 21
ch013, 21, 21, 21, 21, 21, 21, 21, 21, 21, 21, 21, 21
ch014, 0, 0, 0, 0, 0, 0, 0, 0, 0, 0, 0, 0
ch036, 13, 13, 13, 13, 13, 13, 13, 13, 13, 13, 13, 13
ch038, 13, 13, 13, 13, 13, 13, 13, 13, 13, 13, 13, 13
ch040, 13, 13, 13, 13, 13, 13, 13, 13, 13, 13, 13, 13
ch042, 13, 13, 13, 13, 13, 13, 13, 13, 13, 13, 13, 13
ch044, 13, 13, 13, 13, 13, 13, 13, 13, 13, 13, 13, 13
ch046, 13, 13, 13, 13, 13, 13, 13, 13, 13, 13, 13, 13
ch048, 13, 13, 13, 13, 13, 13, 13, 13, 13, 13, 13, 13
ch050, 13, 13, 13, 13, 13, 13, 13, 13, 13, 13, 13, 13
ch052, 14, 14, 14, 14, 14, 14, 14, 14, 14, 14, 14, 14
ch054, 14, 14, 14, 14, 14, 14, 14, 14, 14, 14, 14, 14
ch056, 14, 14, 14, 14, 14, 14, 14, 14, 14, 14, 14, 14
ch058, 14, 14, 14, 14, 14, 14, 14, 14, 14, 14, 14, 14
ch060, 14, 14, 14, 14, 14, 14, 14, 14, 14, 14, 14, 14
ch062, 14, 14, 14, 14, 14, 14, 14, 14, 14, 14, 14, 14
ch064, 14, 14, 14, 14, 14, 14, 14, 14, 14, 14, 14, 14
ch100, 14, 14, 14, 14, 14, 14, 14, 14, 14, 14, 14, 14
ch102, 14, 14, 14, 14, 14, 14, 14, 14, 14, 14, 14, 14
ch104, 14, 14, 14, 14, 14, 14, 14, 14, 14, 14, 14, 14
ch106, 14, 14, 14, 14, 14, 14, 14, 14, 14, 14, 14, 14
ch108, 14, 14, 14, 14, 14, 14, 14, 14, 14, 14, 14, 14
ch110, 14, 14, 14, 14, 14, 14, 14, 14, 14, 14, 14, 14
ch112, 14, 14, 14, 14, 14, 14, 14, 14, 14, 14, 14, 14
ch114, 14, 14, 14, 14, 14, 14, 14, 14, 14, 14, 14, 14
ch116, 14, 14, 14, 14, 14, 14, 14, 14, 14, 14, 14, 14
ch118, 14, 14, 14, 14, 14, 14, 14, 14, 14, 14, 14, 14
ch120, 14, 14, 14, 14, 14, 14, 14, 14, 14, 14, 14, 14
ch122, 14, 14, 14, 14, 14, 14, 14, 14, 14, 14, 14, 14
ch124, 14, 14, 14, 14, 14, 14, 14, 14, 14, 14, 14, 14
ch126, 14, 14, 14, 14, 14, 14, 14, 14, 14, 14, 14, 14
ch128, 14, 14, 14, 14, 14, 14, 14, 14, 14, 14, 14, 14
ch132, 14, 14, 14, 14, 14, 14, 14, 14, 14, 14, 14, 14
ch134, 14, 14, 14, 14, 14, 14, 14, 14, 14, 14, 14, 14
ch136, 14, 14, 14, 14, 14, 14, 14, 14, 14, 14, 14, 14
ch138, 0, 0, 0, 0, 0, 0, 0, 0, 0, 0, 0, 0
ch140, 13, 13, 13, 13, 13, 13, 13, 13, 13, 13, 13, 13
ch142, 0, 0, 0, 0, 0, 0, 0, 0, 0, 0, 0, 0
ch144, 0, 0, 0, 0, 0, 0, 0, 0, 0, 0, 0, 0
ch149, 12, 12, 12, 12, 12, 12, 12, 12, 12, 12, 12, 12
ch151, 12, 12, 12, 12, 12, 12, 12, 12, 12, 12, 12, 12
ch153, 12, 12, 12, 12, 12, 12, 12, 12, 12, 12, 12, 12
ch155, 12, 12, 12, 12, 12, 12, 12, 12, 12, 12, 12, 12
ch157, 12, 12, 12, 12, 12, 12, 12, 12, 12, 12, 12, 12
ch159, 12, 12, 12, 12, 12, 12, 12, 12, 12, 12, 12, 12
ch161, 12, 12, 12, 12, 12, 12, 12, 12, 12, 12, 12, 12
ch165, 12, 12, 12, 12, 12, 12, 12, 12, 12, 12, 12, 12
</ru106>

<ru242, m0, m1, m2, m3, m4, m5, m6, m7, m8, m9, m10, m11>
ch001, 21, 21, 21, 21, 21, 21, 21, 21, 21, 21, 21, 21
ch002, 21, 21, 21, 21, 21, 21, 21, 21, 21, 21, 21, 21
ch003, 21, 21, 21, 21, 21, 21, 21, 21, 21, 21, 21, 21
ch004, 21, 21, 21, 21, 21, 21, 21, 21, 21, 21, 21, 21
ch005, 21, 21, 21, 21, 21, 21, 21, 21, 21, 21, 21, 21
ch006, 21, 21, 21, 21, 21, 21, 21, 21, 21, 21, 21, 21
ch007, 21, 21, 21, 21, 21, 21, 21, 21, 21, 21, 21, 21
ch008, 21, 21, 21, 21, 21, 21, 21, 21, 21, 21, 21, 21
ch009, 21, 21, 21, 21, 21, 21, 21, 21, 21, 21, 21, 21
ch010, 21, 21, 21, 21, 21, 21, 21, 21, 21, 21, 21, 21
ch011, 21, 21, 21, 21, 21, 21, 21, 21, 21, 21, 21, 21
ch012, 21, 21, 21, 21, 21, 21, 21, 21, 21, 21, 21, 21
ch013, 21, 21, 21, 21, 21, 21, 21, 21, 21, 21, 21, 21
ch014, 0, 0, 0, 0, 0, 0, 0, 0, 0, 0, 0, 0
ch036, 20, 20, 20, 20, 20, 20, 20, 20, 20, 20, 20, 20
ch038, 20, 20, 20, 20, 20, 20, 20, 20, 20, 20, 20, 20
ch040, 20, 20, 20, 20, 20, 20, 20, 20, 20, 20, 20, 20
ch042, 20, 20, 20, 20, 20, 20, 20, 20, 20, 20, 20, 20
ch044, 20, 20, 20, 20, 20, 20, 20, 20, 20, 20, 20, 20
ch046, 20, 20, 20, 20, 20, 20, 20, 20, 20, 20, 20, 20
ch048, 20, 20, 20, 20, 20, 20, 20, 20, 20, 20, 20, 20
ch050, 20, 20, 20, 20, 20, 20, 20, 20, 20, 20, 20, 20
ch052, 21, 21, 21, 21, 21, 21, 21, 21, 21, 21, 21, 21
ch054, 21, 21, 21, 21, 21, 21, 21, 21, 21, 21, 21, 21
ch056, 21, 21, 21, 21, 21, 21, 21, 21, 21, 21, 21, 21
ch058, 21, 21, 21, 21, 21, 21, 21, 21, 21, 21, 21, 21
ch060, 21, 21, 21, 21, 21, 21, 21, 21, 21, 21, 21, 21
ch062, 21, 21, 21, 21, 21, 21, 21, 21, 21, 21, 21, 21
ch064, 21, 21, 21, 21, 21, 21, 21, 21, 21, 21, 21, 21
ch100, 21, 21, 21, 21, 21, 21, 21, 21, 21, 21, 21, 21
ch102, 21, 21, 21, 21, 21, 21, 21, 21, 21, 21, 21, 21
ch104, 21, 21, 21, 21, 21, 21, 21, 21, 21, 21, 21, 21
ch106, 21, 21, 21, 21, 21, 21, 21, 21, 21, 21, 21, 21
ch108, 21, 21, 21, 21, 21, 21, 21, 21, 21, 21, 21, 21
ch110, 21, 21, 21, 21, 21, 21, 21, 21, 21, 21, 21, 21
ch112, 21, 21, 21, 21, 21, 21, 21, 21, 21, 21, 21, 21
ch114, 21, 21, 21, 21, 21, 21, 21, 21, 21, 21, 21, 21
ch116, 21, 21, 21, 21, 21, 21, 21, 21, 21, 21, 21, 21
ch118, 21, 21, 21, 21, 21, 21, 21, 21, 21, 21, 21, 21
ch120, 21, 21, 21, 21, 21, 21, 21, 21, 21, 21, 21, 21
ch122, 21, 21, 21, 21, 21, 21, 21, 21, 21, 21, 21, 21
ch124, 21, 21, 21, 21, 21, 21, 21, 21, 21, 21, 21, 21
ch126, 21, 21, 21, 21, 21, 21, 21, 21, 21, 21, 21, 21
ch128, 21, 21, 21, 21, 21, 21, 21, 21, 21, 21, 21, 21
ch132, 21, 21, 21, 21, 21, 21, 21, 21, 21, 21, 21, 21
ch134, 21, 21, 21, 21, 21, 21, 21, 21, 21, 21, 21, 21
ch136, 21, 21, 21, 21, 21, 21, 21, 21, 21, 21, 21, 21
ch138, 0, 0, 0, 0, 0, 0, 0, 0, 0, 0, 0, 0
ch140, 20, 20, 20, 20, 20, 20, 20, 20, 20, 20, 20, 20
ch142, 0, 0, 0, 0, 0, 0, 0, 0, 0, 0, 0, 0
ch144, 0, 0, 0, 0, 0, 0, 0, 0, 0, 0, 0, 0
ch149, 12, 12, 12, 12, 12, 12, 12, 12, 12, 12, 12, 12
ch151, 12, 12, 12, 12, 12, 12, 12, 12, 12, 12, 12, 12
ch153, 12, 12, 12, 12, 12, 12, 12, 12, 12, 12, 12, 12
ch155, 12, 12, 12, 12, 12, 12, 12, 12, 12, 12, 12, 12
ch157, 12, 12, 12, 12, 12, 12, 12, 12, 12, 12, 12, 12
ch159, 12, 12, 12, 12, 12, 12, 12, 12, 12, 12, 12, 12
ch161, 12, 12, 12, 12, 12, 12, 12, 12, 12, 12, 12, 12
ch165, 12, 12, 12, 12, 12, 12, 12, 12, 12, 12, 12, 12
</ru242>

<ru484, m0, m1, m2, m3, m4, m5, m6, m7, m8, m9, m10, m11>
ch038, 20, 20, 20, 20, 20, 20, 20, 20, 20, 20, 20, 20
ch042, 20, 20, 20, 20, 20, 20, 20, 20, 20, 20, 20, 20
ch046, 20, 20, 20, 20, 20, 20, 20, 20, 20, 20, 20, 20
ch050, 20, 20, 20, 20, 20, 20, 20, 20, 20, 20, 20, 20
ch054, 24, 24, 24, 24, 24, 24, 24, 24, 22, 22, 22, 22
ch058, 24, 24, 24, 24, 24, 24, 24, 24, 22, 22, 22, 22
ch062, 24, 24, 24, 24, 24, 24, 24, 24, 22, 22, 22, 22
ch102, 24, 24, 24, 24, 24, 24, 24, 24, 22, 22, 22, 22
ch106, 24, 24, 24, 24, 24, 24, 24, 24, 22, 22, 22, 22
ch110, 24, 24, 24, 24, 24, 24, 24, 24, 22, 22, 22, 22
ch114, 24, 24, 24, 24, 24, 24, 24, 24, 22, 22, 22, 22
ch118, 24, 24, 24, 24, 24, 24, 24, 24, 22, 22, 22, 22
ch122, 24, 24, 24, 24, 24, 24, 24, 24, 22, 22, 22, 22
ch126, 24, 24, 24, 24, 24, 24, 24, 24, 22, 22, 22, 22
ch134, 23, 23, 23, 23, 23, 23, 23, 23, 22, 22, 22, 22
ch138, 0, 0, 0, 0, 0, 0, 0, 0, 0, 0, 0, 0
ch142, 0, 0, 0, 0, 0, 0, 0, 0, 0, 0, 0, 0
ch151, 12, 12, 12, 12, 12, 12, 12, 12, 12, 12, 12, 12
ch155, 12, 12, 12, 12, 12, 12, 12, 12, 12, 12, 12, 12
ch159, 12, 12, 12, 12, 12, 12, 12, 12, 12, 12, 12, 12
</ru484>

<ru996, m0, m1, m2, m3, m4, m5, m6, m7, m8, m9, m10, m11>
ch042, 20, 20, 20, 20, 20, 20, 20, 20, 20, 20, 20, 20
ch050, 20, 20, 20, 20, 20, 20, 20, 20, 20, 20, 20, 20
ch058, 24, 24, 24, 24, 24, 24, 24, 24, 22, 22, 22, 22
ch106, 24, 24, 24, 24, 24, 24, 24, 24, 22, 22, 22, 22
ch114, 24, 24, 24, 24, 24, 24, 24, 24, 22, 22, 22, 22
ch122, 24, 24, 24, 24, 24, 24, 24, 24, 22, 22, 22, 22
ch138, 0, 0, 0, 0, 0, 0, 0, 0, 0, 0, 0, 0
ch155, 13, 13, 13, 13, 13, 13, 13, 13, 13, 13, 13, 13
</ru996>

[NA,NB,NC]
<cck, c1, c2, c5, c11>
ch001, 27, 27, 27, 27
ch002, 30, 30, 30, 30
ch003, 30, 30, 30, 30
ch004, 30, 30, 30, 30
ch005, 30, 30, 30, 30
ch006, 30, 30, 30, 30
ch007, 30, 30, 30, 30
ch008, 30, 30, 30, 30
ch009, 30, 30, 30, 30
ch010, 30, 30, 30, 30
ch011, 28, 28, 28, 28
ch012, 0, 0, 0, 0
ch013, 0, 0, 0, 0
ch014, 0, 0, 0, 0
</cck>

<ofdm, o6, o9, o12, o18, o24, o36, o48, o54>
ch001, 20, 20, 20, 20, 20, 20, 20, 20
ch002, 22, 22, 22, 22, 22, 22, 22, 22
ch003, 26, 26, 26, 26, 26, 26, 26, 26
ch004, 30, 30, 30, 30, 28, 28, 28, 28
ch005, 30, 30, 30, 30, 28, 28, 28, 28
ch006, 30, 30, 30, 30, 28, 28, 28, 28
ch007, 30, 30, 30, 30, 28, 28, 28, 28
ch008, 30, 30, 30, 30, 28, 28, 28, 28
ch009, 28, 28, 28, 28, 28, 28, 28, 28
ch010, 24, 24, 24, 24, 24, 24, 24, 24
ch011, 22, 22, 22, 22, 22, 22, 22, 22
ch012, 0, 0, 0, 0, 0, 0, 0, 0
ch013, 0, 0, 0, 0, 0, 0, 0, 0
ch014, 0, 0, 0, 0, 0, 0, 0, 0
ch036, 23, 23, 23, 23, 23, 23, 23, 23
ch038, 23, 23, 23, 23, 23, 23, 23, 23
ch040, 23, 23, 23, 23, 23, 23, 23, 23
ch042, 23, 23, 23, 23, 23, 23, 23, 23
ch044, 23, 23, 23, 23, 23, 23, 23, 23
ch046, 23, 23, 23, 23, 23, 23, 23, 23
ch048, 23, 23, 23, 23, 23, 23, 23, 23
ch050, 23, 23, 23, 23, 23, 23, 23, 23
ch052, 24, 24, 24, 24, 24, 24, 24, 24
ch054, 24, 24, 24, 24, 24, 24, 24, 24
ch056, 24, 24, 24, 24, 24, 24, 24, 24
ch058, 24, 24, 24, 24, 24, 24, 24, 24
ch060, 24, 24, 24, 24, 24, 24, 24, 24
ch062, 24, 24, 24, 24, 24, 24, 24, 24
ch064, 24, 24, 24, 24, 24, 24, 24, 24
ch100, 25, 25, 25, 25, 24, 24, 24, 24
ch102, 25, 25, 25, 25, 24, 24, 24, 24
ch104, 25, 25, 25, 25, 24, 24, 24, 24
ch106, 25, 25, 25, 25, 24, 24, 24, 24
ch108, 25, 25, 25, 25, 24, 24, 24, 24
ch110, 25, 25, 25, 25, 24, 24, 24, 24
ch112, 25, 25, 25, 25, 24, 24, 24, 24
ch114, 0, 0, 0, 0, 0, 0, 0, 0
ch116, 24, 24, 24, 24, 24, 24, 24, 24
ch118, 0, 0, 0, 0, 0, 0, 0, 0
ch120, 0, 0, 0, 0, 0, 0, 0, 0
ch122, 0, 0, 0, 0, 0, 0, 0, 0
ch124, 0, 0, 0, 0, 0, 0, 0, 0
ch126, 0, 0, 0, 0, 0, 0, 0, 0
ch128, 0, 0, 0, 0, 0, 0, 0, 0
ch132, 24, 24, 24, 24, 24, 24, 24, 24
ch134, 24, 24, 24, 24, 24, 24, 24, 24
ch136, 24, 24, 24, 24, 24, 24, 24, 24
ch138, 24, 24, 24, 24, 24, 24, 24, 24
ch140, 25, 25, 25, 25, 24, 24, 24, 24
ch142, 25, 25, 25, 25, 24, 24, 24, 24
ch144, 25, 25, 25, 25, 24, 24, 24, 24
ch149, 26, 26, 26, 26, 24, 24, 24, 24
ch151, 26, 26, 26, 26, 24, 24, 24, 24
ch153, 26, 26, 26, 26, 24, 24, 24, 24
ch155, 26, 26, 26, 26, 24, 24, 24, 24
ch157, 26, 26, 26, 26, 24, 24, 24, 24
ch159, 26, 26, 26, 26, 24, 24, 24, 24
ch161, 26, 26, 26, 26, 24, 24, 24, 24
ch165, 26, 26, 26, 26, 24, 24, 24, 24
</ofdm>

<ht20, m0, m1, m2, m3, m4, m5, m6, m7>
ch001, 18, 18, 18, 18, 18, 18, 18, 18
ch002, 20, 20, 20, 20, 20, 20, 20, 20
ch003, 24, 24, 24, 24, 24, 24, 24, 24
ch004, 30, 30, 30, 30, 30, 28, 28, 28
ch005, 30, 30, 30, 30, 30, 28, 28, 28
ch006, 30, 30, 30, 30, 30, 28, 28, 28
ch007, 30, 30, 30, 30, 30, 28, 28, 28
ch008, 30, 30, 30, 30, 30, 28, 28, 28
ch009, 27, 27, 27, 27, 27, 27, 27, 27
ch010, 23, 23, 23, 23, 23, 23, 23, 23
ch011, 21, 21, 21, 21, 21, 21, 21, 21
ch012, 0, 0, 0, 0, 0, 0, 0, 0
ch013, 0, 0, 0, 0, 0, 0, 0, 0
ch014, 0, 0, 0, 0, 0, 0, 0, 0
ch036, 22, 22, 22, 22, 22, 22, 22, 22
ch038, 22, 22, 22, 22, 22, 22, 22, 22
ch040, 23, 23, 23, 23, 23, 23, 23, 23
ch042, 22, 22, 22, 22, 22, 22, 22, 22
ch044, 23, 23, 23, 23, 23, 23, 23, 23
ch046, 22, 22, 22, 22, 22, 22, 22, 22
ch048, 22, 22, 22, 22, 22, 22, 22, 22
ch050, 22, 22, 22, 22, 22, 22, 22, 22
ch052, 23, 23, 23, 23, 23, 23, 23, 23
ch054, 23, 23, 23, 23, 23, 23, 23, 23
ch056, 23, 23, 23, 23, 23, 23, 23, 23
ch058, 23, 23, 23, 23, 23, 23, 23, 23
ch060, 24, 24, 24, 24, 24, 24, 24, 24
ch062, 24, 24, 24, 24, 24, 24, 24, 24
ch064, 24, 24, 24, 24, 24, 24, 24, 24
ch100, 25, 25, 25, 25, 25, 24, 24, 24
ch102, 25, 25, 25, 25, 25, 24, 24, 24
ch104, 25, 25, 25, 25, 25, 24, 24, 24
ch106, 25, 25, 25, 25, 25, 24, 24, 24
ch108, 25, 25, 25, 25, 25, 24, 24, 24
ch110, 25, 25, 25, 25, 25, 24, 24, 24
ch112, 25, 25, 25, 25, 25, 24, 24, 24
ch114, 0, 0, 0, 0, 0, 0, 0, 0
ch116, 26, 26, 26, 26, 26, 24, 24, 24
ch118, 0, 0, 0, 0, 0, 0, 0, 0
ch120, 0, 0, 0, 0, 0, 0, 0, 0
ch122, 0, 0, 0, 0, 0, 0, 0, 0
ch124, 0, 0, 0, 0, 0, 0, 0, 0
ch126, 0, 0, 0, 0, 0, 0, 0, 0
ch128, 0, 0, 0, 0, 0, 0, 0, 0
ch132, 26, 26, 26, 26, 26, 24, 24, 24
ch134, 26, 26, 26, 26, 26, 24, 24, 24
ch136, 26, 26, 26, 26, 26, 24, 24, 24
ch138, 22, 22, 22, 22, 22, 22, 22, 22
ch140, 22, 22, 22, 22, 22, 22, 22, 22
ch142, 22, 22, 22, 22, 22, 22, 22, 22
ch144, 26, 26, 26, 26, 26, 24, 24, 24
ch149, 26, 26, 26, 26, 26, 24, 24, 24
ch151, 26, 26, 26, 26, 26, 24, 24, 24
ch153, 26, 26, 26, 26, 26, 24, 24, 24
ch155, 26, 26, 26, 26, 26, 24, 24, 24
ch157, 26, 26, 26, 26, 26, 24, 24, 24
ch159, 26, 26, 26, 26, 26, 24, 24, 24
ch161, 26, 26, 26, 26, 26, 24, 24, 24
ch165, 26, 26, 26, 26, 26, 24, 24, 24
</ht20>

<ht40, m0, m1, m2, m3, m4, m5, m6, m7, m32>
ch038, 25, 25, 25, 25, 25, 24, 24, 24, 0
ch042, 25, 25, 25, 25, 25, 24, 24, 24, 0
ch046, 26, 26, 26, 26, 26, 24, 24, 24, 0
ch050, 23, 23, 23, 23, 23, 23, 23, 23, 0
ch054, 23, 23, 23, 23, 23, 23, 23, 23, 0
ch058, 23, 23, 23, 23, 23, 23, 23, 23, 0
ch062, 23, 23, 23, 23, 23, 23, 23, 23, 0
ch102, 22, 22, 22, 22, 22, 22, 22, 22, 0
ch106, 22, 22, 22, 22, 22, 22, 22, 22, 0
ch110, 26, 26, 26, 26, 26, 24, 24, 24, 0
ch114, 0, 0, 0, 0, 0, 0, 0, 0, 0
ch118, 0, 0, 0, 0, 0, 0, 0, 0, 0
ch122, 0, 0, 0, 0, 0, 0, 0, 0, 0
ch126, 0, 0, 0, 0, 0, 0, 0, 0, 0
ch134, 24, 24, 24, 24, 24, 24, 24, 24, 0
ch138, 24, 24, 24, 24, 24, 24, 24, 24, 0
ch142, 26, 26, 26, 26, 26, 24, 24, 24, 0
ch151, 26, 26, 26, 26, 26, 24, 24, 24, 0
ch155, 26, 26, 26, 26, 26, 24, 24, 24, 0
ch159, 26, 26, 26, 26, 26, 24, 24, 24, 0
</ht40>

<vht20, m0, m1, m2, m3, m4, m5, m6, m7, m8, m9>
ch001, 18, 18, 18, 18, 18, 18, 18, 18, 18, 0
ch002, 20, 20, 20, 20, 20, 20, 20, 20, 20, 0
ch003, 24, 24, 24, 24, 24, 24, 24, 24, 24, 0
ch004, 30, 30, 30, 30, 30, 28, 28, 28, 26, 0
ch005, 30, 30, 30, 30, 30, 28, 28, 28, 26, 0
ch006, 30, 30, 30, 30, 30, 28, 28, 28, 26, 0
ch007, 30, 30, 30, 30, 30, 28, 28, 28, 26, 0
ch008, 30, 30, 30, 30, 30, 28, 28, 28, 26, 0
ch009, 27, 27, 27, 27, 27, 27, 27, 27, 27, 0
ch010, 23, 23, 23, 23, 23, 23, 23, 23, 23, 0
ch011, 21, 21, 21, 21, 21, 21, 21, 21, 21, 0
ch012, 0, 0, 0, 0, 0, 0, 0, 0, 0, 0
ch013, 0, 0, 0, 0, 0, 0, 0, 0, 0, 0
ch014, 0, 0, 0, 0, 0, 0, 0, 0, 0, 0
ch036, 22, 22, 22, 22, 22, 22, 22, 22, 22, 0
ch038, 22, 22, 22, 22, 22, 22, 22, 22, 22, 0
ch040, 23, 23, 23, 23, 23, 23, 23, 23, 22, 0
ch042, 22, 22, 22, 22, 22, 22, 22, 22, 22, 0
ch044, 23, 23, 23, 23, 23, 23, 23, 23, 22, 0
ch046, 22, 22, 22, 22, 22, 22, 22, 22, 22, 0
ch048, 22, 22, 22, 22, 22, 22, 22, 22, 22, 0
ch050, 22, 22, 22, 22, 22, 22, 22, 22, 22, 0
ch052, 23, 23, 23, 23, 23, 23, 23, 23, 22, 0
ch054, 23, 23, 23, 23, 23, 23, 23, 23, 22, 0
ch056, 23, 23, 23, 23, 23, 23, 23, 23, 22, 0
ch058, 23, 23, 23, 23, 23, 23, 23, 23, 22, 0
ch060, 24, 24, 24, 24, 24, 24, 24, 24, 22, 0
ch062, 24, 24, 24, 24, 24, 24, 24, 24, 22, 0
ch064, 24, 24, 24, 24, 24, 24, 24, 24, 22, 0
ch100, 25, 25, 25, 25, 25, 24, 24, 24, 22, 0
ch102, 25, 25, 25, 25, 25, 24, 24, 24, 22, 0
ch104, 25, 25, 25, 25, 25, 24, 24, 24, 22, 0
ch106, 25, 25, 25, 25, 25, 24, 24, 24, 22, 0
ch108, 25, 25, 25, 25, 25, 24, 24, 24, 22, 0
ch110, 25, 25, 25, 25, 25, 24, 24, 24, 22, 0
ch112, 25, 25, 25, 25, 25, 24, 24, 24, 22, 0
ch114, 0, 0, 0, 0, 0, 0, 0, 0, 0, 0
ch116, 26, 26, 26, 26, 26, 24, 24, 24, 22, 0
ch118, 0, 0, 0, 0, 0, 0, 0, 0, 0, 0
ch120, 0, 0, 0, 0, 0, 0, 0, 0, 0, 0
ch122, 0, 0, 0, 0, 0, 0, 0, 0, 0, 0
ch124, 0, 0, 0, 0, 0, 0, 0, 0, 0, 0
ch126, 0, 0, 0, 0, 0, 0, 0, 0, 0, 0
ch128, 0, 0, 0, 0, 0, 0, 0, 0, 0, 0
ch132, 26, 26, 26, 26, 26, 24, 24, 24, 22, 0
ch134, 26, 26, 26, 26, 26, 24, 24, 24, 22, 0
ch136, 26, 26, 26, 26, 26, 24, 24, 24, 22, 0
ch138, 22, 22, 22, 22, 22, 22, 22, 22, 22, 0
ch140, 22, 22, 22, 22, 22, 22, 22, 22, 22, 0
ch142, 22, 22, 22, 22, 22, 22, 22, 22, 22, 0
ch144, 26, 26, 26, 26, 26, 24, 24, 24, 22, 0
ch149, 26, 26, 26, 26, 26, 24, 24, 24, 22, 0
ch151, 26, 26, 26, 26, 26, 24, 24, 24, 22, 0
ch153, 26, 26, 26, 26, 26, 24, 24, 24, 22, 0
ch155, 26, 26, 26, 26, 26, 24, 24, 24, 22, 0
ch157, 26, 26, 26, 26, 26, 24, 24, 24, 22, 0
ch159, 26, 26, 26, 26, 26, 24, 24, 24, 22, 0
ch161, 26, 26, 26, 26, 26, 24, 24, 24, 22, 0
ch165, 26, 26, 26, 26, 26, 24, 24, 24, 22, 0
</vht20>

<vht40, m0, m1, m2, m3, m4, m5, m6, m7, m8, m9>
ch038, 25, 25, 25, 25, 25, 24, 24, 24, 22, 22
ch042, 25, 25, 25, 25, 25, 24, 24, 24, 22, 22
ch046, 26, 26, 26, 26, 26, 24, 24, 24, 22, 22
ch050, 23, 23, 23, 23, 23, 23, 23, 23, 22, 22
ch054, 23, 23, 23, 23, 23, 23, 23, 23, 22, 22
ch058, 23, 23, 23, 23, 23, 23, 23, 23, 22, 22
ch062, 23, 23, 23, 23, 23, 23, 23, 23, 22, 22
ch102, 22, 22, 22, 22, 22, 22, 22, 22, 22, 22
ch106, 22, 22, 22, 22, 22, 22, 22, 22, 22, 22
ch110, 26, 26, 26, 26, 26, 24, 24, 24, 22, 22
ch114, 0, 0, 0, 0, 0, 0, 0, 0, 0, 0
ch118, 0, 0, 0, 0, 0, 0, 0, 0, 0, 0
ch122, 0, 0, 0, 0, 0, 0, 0, 0, 0, 0
ch126, 0, 0, 0, 0, 0, 0, 0, 0, 0, 0
ch134, 24, 24, 24, 24, 24, 24, 24, 24, 22, 22
ch138, 24, 24, 24, 24, 24, 24, 24, 24, 22, 22
ch142, 26, 26, 26, 26, 26, 24, 24, 24, 22, 22
ch151, 26, 26, 26, 26, 26, 24, 24, 24, 22, 22
ch155, 26, 26, 26, 26, 26, 24, 24, 24, 22, 22
ch159, 26, 26, 26, 26, 26, 24, 24, 24, 22, 22
</vht40>

<vht80, m0, m1, m2, m3, m4, m5, m6, m7, m8, m9>
ch042, 24, 24, 24, 24, 24, 24, 24, 24, 22, 22
ch050, 20, 20, 20, 20, 20, 20, 20, 20, 20, 20
ch058, 20, 20, 20, 20, 20, 20, 20, 20, 20, 20
ch106, 21, 21, 21, 21, 21, 21, 21, 21, 21, 21
ch114, 0, 0, 0, 0, 0, 0, 0, 0, 0, 0
ch122, 0, 0, 0, 0, 0, 0, 0, 0, 0, 0
ch138, 26, 26, 26, 26, 26, 24, 24, 24, 22, 22
ch155, 26, 26, 26, 26, 26, 24, 24, 24, 22, 22
</vht80>

<ru26, m0, m1, m2, m3, m4, m5, m6, m7, m8, m9, m10, m11>
ch001, 19, 19, 19, 19, 19, 19, 19, 19, 19, 19, 19, 19
ch002, 21, 21, 21, 21, 21, 21, 21, 21, 21, 21, 21, 21
ch003, 25, 25, 25, 25, 25, 25, 25, 25, 25, 25, 25, 25
ch004, 30, 30, 30, 30, 30, 28, 28, 28, 26, 26, 26, 26
ch005, 30, 30, 30, 30, 30, 28, 28, 28, 26, 26, 26, 26
ch006, 30, 30, 30, 30, 30, 28, 28, 28, 26, 26, 26, 26
ch007, 30, 30, 30, 30, 30, 28, 28, 28, 26, 26, 26, 26
ch008, 30, 30, 30, 30, 30, 28, 28, 28, 26, 26, 26, 26
ch009, 27, 27, 27, 27, 27, 27, 27, 27, 27, 27, 27, 27
ch010, 23, 23, 23, 23, 23, 23, 23, 23, 23, 23, 23, 23
ch011, 21, 21, 21, 21, 21, 21, 21, 21, 21, 21, 21, 21
ch012, 0, 0, 0, 0, 0, 0, 0, 0, 0, 0, 0, 0
ch013, 0, 0, 0, 0, 0, 0, 0, 0, 0, 0, 0, 0
ch014, 0, 0, 0, 0, 0, 0, 0, 0, 0, 0, 0, 0
ch036, 3, 3, 3, 3, 3, 3, 3, 3, 3, 3, 3, 3
ch038, 3, 3, 3, 3, 3, 3, 3, 3, 3, 3, 3, 3
ch040, 4, 4, 4, 4, 4, 4, 4, 4, 3, 3, 3, 3
ch042, 3, 3, 3, 3, 3, 3, 3, 3, 3, 3, 3, 3
ch044, 4, 4, 4, 4, 4, 4, 4, 4, 3, 3, 3, 3
ch046, 4, 4, 4, 4, 4, 4, 4, 4, 3, 3, 3, 3
ch048, 4, 4, 4, 4, 4, 4, 4, 4, 3, 3, 3, 3
ch050, 3, 3, 3, 3, 3, 3, 3, 3, 3, 3, 3, 3
ch052, 5, 5, 5, 5, 5, 5, 5, 5, 3, 3, 3, 3
ch054, 5, 5, 5, 5, 5, 5, 5, 5, 3, 3, 3, 3
ch056, 5, 5, 5, 5, 5, 5, 5, 5, 3, 3, 3, 3
ch058, 5, 5, 5, 5, 5, 5, 5, 5, 3, 3, 3, 3
ch060, 5, 5, 5, 5, 5, 5, 5, 5, 3, 3, 3, 3
ch062, 5, 5, 5, 5, 5, 5, 5, 5, 3, 3, 3, 3
ch064, 5, 5, 5, 5, 5, 5, 5, 5, 3, 3, 3, 3
ch100, 6, 6, 6, 6, 6, 5, 5, 5, 3, 3, 3, 3
ch102, 6, 6, 6, 6, 6, 5, 5, 5, 3, 3, 3, 3
ch104, 6, 6, 6, 6, 6, 5, 5, 5, 3, 3, 3, 3
ch106, 6, 6, 6, 6, 6, 5, 5, 5, 3, 3, 3, 3
ch108, 6, 6, 6, 6, 6, 5, 5, 5, 3, 3, 3, 3
ch110, 6, 6, 6, 6, 6, 5, 5, 5, 3, 3, 3, 3
ch112, 6, 6, 6, 6, 6, 5, 5, 5, 3, 3, 3, 3
ch114, 0, 0, 0, 0, 0, 0, 0, 0, 0, 0, 0, 0
ch116, 7, 7, 7, 7, 7, 5, 5, 5, 3, 3, 3, 3
ch118, 0, 0, 0, 0, 0, 0, 0, 0, 0, 0, 0, 0
ch120, 0, 0, 0, 0, 0, 0, 0, 0, 0, 0, 0, 0
ch122, 0, 0, 0, 0, 0, 0, 0, 0, 0, 0, 0, 0
ch124, 0, 0, 0, 0, 0, 0, 0, 0, 0, 0, 0, 0
ch126, 0, 0, 0, 0, 0, 0, 0, 0, 0, 0, 0, 0
ch128, 0, 0, 0, 0, 0, 0, 0, 0, 0, 0, 0, 0
ch132, 7, 7, 7, 7, 7, 5, 5, 5, 3, 3, 3, 3
ch134, 7, 7, 7, 7, 7, 5, 5, 5, 3, 3, 3, 3
ch136, 7, 7, 7, 7, 7, 5, 5, 5, 3, 3, 3, 3
ch138, 7, 7, 7, 7, 7, 5, 5, 5, 3, 3, 3, 3
ch140, 7, 7, 7, 7, 7, 5, 5, 5, 3, 3, 3, 3
ch142, 7, 7, 7, 7, 7, 5, 5, 5, 3, 3, 3, 3
ch144, 7, 7, 7, 7, 7, 5, 5, 5, 3, 3, 3, 3
ch149, 26, 26, 26, 26, 26, 24, 24, 24, 22, 22, 22, 22
ch151, 26, 26, 26, 26, 26, 24, 24, 24, 22, 22, 22, 22
ch153, 26, 26, 26, 26, 26, 24, 24, 24, 22, 22, 22, 22
ch155, 26, 26, 26, 26, 26, 24, 24, 24, 22, 22, 22, 22
ch157, 26, 26, 26, 26, 26, 24, 24, 24, 22, 22, 22, 22
ch159, 26, 26, 26, 26, 26, 24, 24, 24, 22, 22, 22, 22
ch161, 26, 26, 26, 26, 26, 24, 24, 24, 22, 22, 22, 22
ch165, 26, 26, 26, 26, 26, 24, 24, 24, 22, 22, 22, 22
</ru26>

<ru52, m0, m1, m2, m3, m4, m5, m6, m7, m8, m9, m10, m11>
ch001, 19, 19, 19, 19, 19, 19, 19, 19, 19, 19, 19, 19
ch002, 21, 21, 21, 21, 21, 21, 21, 21, 21, 21, 21, 21
ch003, 25, 25, 25, 25, 25, 25, 25, 25, 25, 25, 25, 25
ch004, 30, 30, 30, 30, 30, 28, 28, 28, 26, 26, 26, 26
ch005, 30, 30, 30, 30, 30, 28, 28, 28, 26, 26, 26, 26
ch006, 30, 30, 30, 30, 30, 28, 28, 28, 26, 26, 26, 26
ch007, 30, 30, 30, 30, 30, 28, 28, 28, 26, 26, 26, 26
ch008, 30, 30, 30, 30, 30, 28, 28, 28, 26, 26, 26, 26
ch009, 27, 27, 27, 27, 27, 27, 27, 27, 27, 27, 27, 27
ch010, 23, 23, 23, 23, 23, 23, 23, 23, 23, 23, 23, 23
ch011, 21, 21, 21, 21, 21, 21, 21, 21, 21, 21, 21, 21
ch012, 0, 0, 0, 0, 0, 0, 0, 0, 0, 0, 0, 0
ch013, 0, 0, 0, 0, 0, 0, 0, 0, 0, 0, 0, 0
ch014, 0, 0, 0, 0, 0, 0, 0, 0, 0, 0, 0, 0
ch036, 9, 9, 9, 9, 9, 9, 9, 9, 9, 9, 9, 9
ch038, 9, 9, 9, 9, 9, 9, 9, 9, 9, 9, 9, 9
ch040, 10, 10, 10, 10, 10, 10, 10, 10, 9, 9, 9, 9
ch042, 9, 9, 9, 9, 9, 9, 9, 9, 9, 9, 9, 9
ch044, 10, 10, 10, 10, 10, 10, 10, 10, 9, 9, 9, 9
ch046, 10, 10, 10, 10, 10, 10, 10, 10, 9, 9, 9, 9
ch048, 10, 10, 10, 10, 10, 10, 10, 10, 9, 9, 9, 9
ch050, 9, 9, 9, 9, 9, 9, 9, 9, 9, 9, 9, 9
ch052, 11, 11, 11, 11, 11, 11, 11, 11, 9, 9, 9, 9
ch054, 11, 11, 11, 11, 11, 11, 11, 11, 9, 9, 9, 9
ch056, 11, 11, 11, 11, 11, 11, 11, 11, 9, 9, 9, 9
ch058, 11, 11, 11, 11, 11, 11, 11, 11, 9, 9, 9, 9
ch060, 11, 11, 11, 11, 11, 11, 11, 11, 9, 9, 9, 9
ch062, 11, 11, 11, 11, 11, 11, 11, 11, 9, 9, 9, 9
ch064, 11, 11, 11, 11, 11, 11, 11, 11, 9, 9, 9, 9
ch100, 12, 12, 12, 12, 12, 11, 11, 11, 9, 9, 9, 9
ch102, 12, 12, 12, 12, 12, 11, 11, 11, 9, 9, 9, 9
ch104, 12, 12, 12, 12, 12, 11, 11, 11, 9, 9, 9, 9
ch106, 12, 12, 12, 12, 12, 11, 11, 11, 9, 9, 9, 9
ch108, 12, 12, 12, 12, 12, 11, 11, 11, 9, 9, 9, 9
ch110, 12, 12, 12, 12, 12, 11, 11, 11, 9, 9, 9, 9
ch112, 12, 12, 12, 12, 12, 11, 11, 11, 9, 9, 9, 9
ch114, 0, 0, 0, 0, 0, 0, 0, 0, 0, 0, 0, 0
ch116, 13, 13, 13, 13, 13, 11, 11, 11, 9, 9, 9, 9
ch118, 0, 0, 0, 0, 0, 0, 0, 0, 0, 0, 0, 0
ch120, 0, 0, 0, 0, 0, 0, 0, 0, 0, 0, 0, 0
ch122, 0, 0, 0, 0, 0, 0, 0, 0, 0, 0, 0, 0
ch124, 0, 0, 0, 0, 0, 0, 0, 0, 0, 0, 0, 0
ch126, 0, 0, 0, 0, 0, 0, 0, 0, 0, 0, 0, 0
ch128, 0, 0, 0, 0, 0, 0, 0, 0, 0, 0, 0, 0
ch132, 13, 13, 13, 13, 13, 11, 11, 11, 9, 9, 9, 9
ch134, 13, 13, 13, 13, 13, 11, 11, 11, 9, 9, 9, 9
ch136, 13, 13, 13, 13, 13, 11, 11, 11, 9, 9, 9, 9
ch138, 13, 13, 13, 13, 13, 11, 11, 11, 9, 9, 9, 9
ch140, 13, 13, 13, 13, 13, 11, 11, 11, 9, 9, 9, 9
ch142, 13, 13, 13, 13, 13, 11, 11, 11, 9, 9, 9, 9
ch144, 13, 13, 13, 13, 13, 11, 11, 11, 9, 9, 9, 9
ch149, 26, 26, 26, 26, 26, 24, 24, 24, 22, 22, 22, 22
ch151, 26, 26, 26, 26, 26, 24, 24, 24, 22, 22, 22, 22
ch153, 26, 26, 26, 26, 26, 24, 24, 24, 22, 22, 22, 22
ch155, 26, 26, 26, 26, 26, 24, 24, 24, 22, 22, 22, 22
ch157, 26, 26, 26, 26, 26, 24, 24, 24, 22, 22, 22, 22
ch159, 26, 26, 26, 26, 26, 24, 24, 24, 22, 22, 22, 22
ch161, 26, 26, 26, 26, 26, 24, 24, 24, 22, 22, 22, 22
ch165, 26, 26, 26, 26, 26, 24, 24, 24, 22, 22, 22, 22
</ru52>

<ru106, m0, m1, m2, m3, m4, m5, m6, m7, m8, m9, m10, m11>
ch001, 19, 19, 19, 19, 19, 19, 19, 19, 19, 19, 19, 19
ch002, 21, 21, 21, 21, 21, 21, 21, 21, 21, 21, 21, 21
ch003, 25, 25, 25, 25, 25, 25, 25, 25, 25, 25, 25, 25
ch004, 30, 30, 30, 30, 30, 28, 28, 28, 26, 26, 26, 26
ch005, 30, 30, 30, 30, 30, 28, 28, 28, 26, 26, 26, 26
ch006, 30, 30, 30, 30, 30, 28, 28, 28, 26, 26, 26, 26
ch007, 30, 30, 30, 30, 30, 28, 28, 28, 26, 26, 26, 26
ch008, 30, 30, 30, 30, 30, 28, 28, 28, 26, 26, 26, 26
ch009, 27, 27, 27, 27, 27, 27, 27, 27, 27, 27, 27, 27
ch010, 23, 23, 23, 23, 23, 23, 23, 23, 23, 23, 23, 23
ch011, 21, 21, 21, 21, 21, 21, 21, 21, 21, 21, 21, 21
ch012, 0, 0, 0, 0, 0, 0, 0, 0, 0, 0, 0, 0
ch013, 0, 0, 0, 0, 0, 0, 0, 0, 0, 0, 0, 0
ch014, 0, 0, 0, 0, 0, 0, 0, 0, 0, 0, 0, 0
ch036, 15, 15, 15, 15, 15, 15, 15, 15, 15, 15, 15, 15
ch038, 15, 15, 15, 15, 15, 15, 15, 15, 15, 15, 15, 15
ch040, 16, 16, 16, 16, 16, 16, 16, 16, 15, 15, 15, 15
ch042, 15, 15, 15, 15, 15, 15, 15, 15, 15, 15, 15, 15
ch044, 16, 16, 16, 16, 16, 16, 16, 16, 15, 15, 15, 15
ch046, 16, 16, 16, 16, 16, 16, 16, 16, 15, 15, 15, 15
ch048, 16, 16, 16, 16, 16, 16, 16, 16, 15, 15, 15, 15
ch050, 15, 15, 15, 15, 15, 15, 15, 15, 15, 15, 15, 15
ch052, 17, 17, 17, 17, 17, 17, 17, 17, 15, 15, 15, 15
ch054, 17, 17, 17, 17, 17, 17, 17, 17, 15, 15, 15, 15
ch056, 17, 17, 17, 17, 17, 17, 17, 17, 15, 15, 15, 15
ch058, 17, 17, 17, 17, 17, 17, 17, 17, 15, 15, 15, 15
ch060, 17, 17, 17, 17, 17, 17, 17, 17, 15, 15, 15, 15
ch062, 17, 17, 17, 17, 17, 17, 17, 17, 15, 15, 15, 15
ch064, 17, 17, 17, 17, 17, 17, 17, 17, 15, 15, 15, 15
ch100, 18, 18, 18, 18, 18, 17, 17, 17, 15, 15, 15, 15
ch102, 18, 18, 18, 18, 18, 17, 17, 17, 15, 15, 15, 15
ch104, 18, 18, 18, 18, 18, 17, 17, 17, 15, 15, 15, 15
ch106, 18, 18, 18, 18, 18, 17, 17, 17, 15, 15, 15, 15
ch108, 18, 18, 18, 18, 18, 17, 17, 17, 15, 15, 15, 15
ch110, 18, 18, 18, 18, 18, 17, 17, 17, 15, 15, 15, 15
ch112, 18, 18, 18, 18, 18, 17, 17, 17, 15, 15, 15, 15
ch114, 0, 0, 0, 0, 0, 0, 0, 0, 0, 0, 0, 0
ch116, 19, 19, 19, 19, 19, 17, 17, 17, 15, 15, 15, 15
ch118, 0, 0, 0, 0, 0, 0, 0, 0, 0, 0, 0, 0
ch120, 0, 0, 0, 0, 0, 0, 0, 0, 0, 0, 0, 0
ch122, 0, 0, 0, 0, 0, 0, 0, 0, 0, 0, 0, 0
ch124, 0, 0, 0, 0, 0, 0, 0, 0, 0, 0, 0, 0
ch126, 0, 0, 0, 0, 0, 0, 0, 0, 0, 0, 0, 0
ch128, 0, 0, 0, 0, 0, 0, 0, 0, 0, 0, 0, 0
ch132, 19, 19, 19, 19, 19, 17, 17, 17, 15, 15, 15, 15
ch134, 19, 19, 19, 19, 19, 17, 17, 17, 15, 15, 15, 15
ch136, 19, 19, 19, 19, 19, 17, 17, 17, 15, 15, 15, 15
ch138, 19, 19, 19, 19, 19, 17, 17, 17, 15, 15, 15, 15
ch140, 19, 19, 19, 19, 19, 17, 17, 17, 15, 15, 15, 15
ch142, 19, 19, 19, 19, 19, 17, 17, 17, 15, 15, 15, 15
ch144, 19, 19, 19, 19, 19, 17, 17, 17, 15, 15, 15, 15
ch149, 26, 26, 26, 26, 26, 24, 24, 24, 22, 22, 22, 22
ch151, 26, 26, 26, 26, 26, 24, 24, 24, 22, 22, 22, 22
ch153, 26, 26, 26, 26, 26, 24, 24, 24, 22, 22, 22, 22
ch155, 26, 26, 26, 26, 26, 24, 24, 24, 22, 22, 22, 22
ch157, 26, 26, 26, 26, 26, 24, 24, 24, 22, 22, 22, 22
ch159, 26, 26, 26, 26, 26, 24, 24, 24, 22, 22, 22, 22
ch161, 26, 26, 26, 26, 26, 24, 24, 24, 22, 22, 22, 22
ch165, 26, 26, 26, 26, 26, 24, 24, 24, 22, 22, 22, 22
</ru106>

<ru242, m0, m1, m2, m3, m4, m5, m6, m7, m8, m9, m10, m11>
ch001, 19, 19, 19, 19, 19, 19, 19, 19, 19, 19, 19, 19
ch002, 21, 21, 21, 21, 21, 21, 21, 21, 21, 21, 21, 21
ch003, 25, 25, 25, 25, 25, 25, 25, 25, 25, 25, 25, 25
ch004, 30, 30, 30, 30, 30, 28, 28, 28, 26, 26, 26, 26
ch005, 30, 30, 30, 30, 30, 28, 28, 28, 26, 26, 26, 26
ch006, 30, 30, 30, 30, 30, 28, 28, 28, 26, 26, 26, 26
ch007, 30, 30, 30, 30, 30, 28, 28, 28, 26, 26, 26, 26
ch008, 30, 30, 30, 30, 30, 28, 28, 28, 26, 26, 26, 26
ch009, 27, 27, 27, 27, 27, 27, 27, 27, 27, 27, 27, 27
ch010, 23, 23, 23, 23, 23, 23, 23, 23, 23, 23, 23, 23
ch011, 21, 21, 21, 21, 21, 21, 21, 21, 21, 21, 21, 21
ch012, 0, 0, 0, 0, 0, 0, 0, 0, 0, 0, 0, 0
ch013, 0, 0, 0, 0, 0, 0, 0, 0, 0, 0, 0, 0
ch014, 0, 0, 0, 0, 0, 0, 0, 0, 0, 0, 0, 0
ch036, 22, 22, 22, 22, 22, 22, 22, 22, 22, 22, 22, 22
ch038, 22, 22, 22, 22, 22, 22, 22, 22, 22, 22, 22, 22
ch040, 23, 23, 23, 23, 23, 23, 23, 23, 22, 22, 22, 22
ch042, 22, 22, 22, 22, 22, 22, 22, 22, 22, 22, 22, 22
ch044, 23, 23, 23, 23, 23, 23, 23, 23, 22, 22, 22, 22
ch046, 23, 23, 23, 23, 23, 23, 23, 23, 22, 22, 22, 22
ch048, 23, 23, 23, 23, 23, 23, 23, 23, 22, 22, 22, 22
ch050, 22, 22, 22, 22, 22, 22, 22, 22, 22, 22, 22, 22
ch052, 24, 24, 24, 24, 24, 24, 24, 24, 22, 22, 22, 22
ch054, 24, 24, 24, 24, 24, 24, 24, 24, 22, 22, 22, 22
ch056, 24, 24, 24, 24, 24, 24, 24, 24, 22, 22, 22, 22
ch058, 24, 24, 24, 24, 24, 24, 24, 24, 22, 22, 22, 22
ch060, 24, 24, 24, 24, 24, 24, 24, 24, 22, 22, 22, 22
ch062, 24, 24, 24, 24, 24, 24, 24, 24, 22, 22, 22, 22
ch064, 24, 24, 24, 24, 24, 24, 24, 24, 22, 22, 22, 22
ch100, 25, 25, 25, 25, 25, 24, 24, 24, 22, 22, 22, 22
ch102, 25, 25, 25, 25, 25, 24, 24, 24, 22, 22, 22, 22
ch104, 25, 25, 25, 25, 25, 24, 24, 24, 22, 22, 22, 22
ch106, 25, 25, 25, 25, 25, 24, 24, 24, 22, 22, 22, 22
ch108, 25, 25, 25, 25, 25, 24, 24, 24, 22, 22, 22, 22
ch110, 25, 25, 25, 25, 25, 24, 24, 24, 22, 22, 22, 22
ch112, 25, 25, 25, 25, 25, 24, 24, 24, 22, 22, 22, 22
ch114, 0, 0, 0, 0, 0, 0, 0, 0, 0, 0, 0, 0
ch116, 26, 26, 26, 26, 26, 24, 24, 24, 22, 22, 22, 22
ch118, 0, 0, 0, 0, 0, 0, 0, 0, 0, 0, 0, 0
ch120, 0, 0, 0, 0, 0, 0, 0, 0, 0, 0, 0, 0
ch122, 0, 0, 0, 0, 0, 0, 0, 0, 0, 0, 0, 0
ch124, 0, 0, 0, 0, 0, 0, 0, 0, 0, 0, 0, 0
ch126, 0, 0, 0, 0, 0, 0, 0, 0, 0, 0, 0, 0
ch128, 0, 0, 0, 0, 0, 0, 0, 0, 0, 0, 0, 0
ch132, 26, 26, 26, 26, 26, 24, 24, 24, 22, 22, 22, 22
ch134, 26, 26, 26, 26, 26, 24, 24, 24, 22, 22, 22, 22
ch136, 26, 26, 26, 26, 26, 24, 24, 24, 22, 22, 22, 22
ch138, 26, 26, 26, 26, 26, 24, 24, 24, 22, 22, 22, 22
ch140, 26, 26, 26, 26, 26, 24, 24, 24, 22, 22, 22, 22
ch142, 26, 26, 26, 26, 26, 24, 24, 24, 22, 22, 22, 22
ch144, 26, 26, 26, 26, 26, 24, 24, 24, 22, 22, 22, 22
ch149, 26, 26, 26, 26, 26, 24, 24, 24, 22, 22, 22, 22
ch151, 26, 26, 26, 26, 26, 24, 24, 24, 22, 22, 22, 22
ch153, 26, 26, 26, 26, 26, 24, 24, 24, 22, 22, 22, 22
ch155, 26, 26, 26, 26, 26, 24, 24, 24, 22, 22, 22, 22
ch157, 26, 26, 26, 26, 26, 24, 24, 24, 22, 22, 22, 22
ch159, 26, 26, 26, 26, 26, 24, 24, 24, 22, 22, 22, 22
ch161, 26, 26, 26, 26, 26, 24, 24, 24, 22, 22, 22, 22
ch165, 26, 26, 26, 26, 26, 24, 24, 24, 22, 22, 22, 22
</ru242>

<ru484, m0, m1, m2, m3, m4, m5, m6, m7, m8, m9, m10, m11>
ch038, 26, 26, 26, 26, 26, 24, 24, 24, 22, 22, 22, 22
ch042, 26, 26, 26, 26, 26, 24, 24, 24, 22, 22, 22, 22
ch046, 26, 26, 26, 26, 26, 24, 24, 24, 22, 22, 22, 22
ch050, 23, 23, 23, 23, 23, 23, 23, 23, 22, 22, 22, 22
ch054, 23, 23, 23, 23, 23, 23, 23, 23, 22, 22, 22, 22
ch058, 23, 23, 23, 23, 23, 23, 23, 23, 22, 22, 22, 22
ch062, 23, 23, 23, 23, 23, 23, 23, 23, 22, 22, 22, 22
ch102, 23, 23, 23, 23, 23, 23, 23, 23, 22, 22, 22, 22
ch106, 23, 23, 23, 23, 23, 23, 23, 23, 22, 22, 22, 22
ch110, 26, 26, 26, 26, 26, 24, 24, 24, 22, 22, 22, 22
ch114, 0, 0, 0, 0, 0, 0, 0, 0, 0, 0, 0, 0
ch118, 0, 0, 0, 0, 0, 0, 0, 0, 0, 0, 0, 0
ch122, 0, 0, 0, 0, 0, 0, 0, 0, 0, 0, 0, 0
ch126, 0, 0, 0, 0, 0, 0, 0, 0, 0, 0, 0, 0
ch134, 25, 25, 25, 25, 25, 24, 24, 24, 22, 22, 22, 22
ch138, 25, 25, 25, 25, 25, 24, 24, 24, 22, 22, 22, 22
ch142, 26, 26, 26, 26, 26, 24, 24, 24, 22, 22, 22, 22
ch151, 26, 26, 26, 26, 26, 24, 24, 24, 22, 22, 22, 22
ch155, 26, 26, 26, 26, 26, 24, 24, 24, 22, 22, 22, 22
ch159, 26, 26, 26, 26, 26, 24, 24, 24, 22, 22, 22, 22
</ru484>

<ru996, m0, m1, m2, m3, m4, m5, m6, m7, m8, m9, m10, m11>
ch042, 25, 25, 25, 25, 25, 24, 24, 24, 22, 22, 22, 22
ch050, 21, 21, 21, 21, 21, 21, 21, 21, 21, 21, 21, 21
ch058, 21, 21, 21, 21, 21, 21, 21, 21, 21, 21, 21, 21
ch106, 21, 21, 21, 21, 21, 21, 21, 21, 21, 21, 21, 21
ch114, 0, 0, 0, 0, 0, 0, 0, 0, 0, 0, 0, 0
ch122, 0, 0, 0, 0, 0, 0, 0, 0, 0, 0, 0, 0
ch138, 26, 26, 26, 26, 26, 24, 24, 24, 22, 22, 22, 22
ch155, 26, 26, 26, 26, 26, 24, 24, 24, 22, 22, 22, 22
</ru996>

[MY,TH,TI,IN]
<cck, c1, c2, c5, c11>
ch001, 18, 18, 18, 18
ch002, 18, 18, 18, 18
ch003, 18, 18, 18, 18
ch004, 18, 18, 18, 18
ch005, 18, 18, 18, 18
ch006, 18, 18, 18, 18
ch007, 18, 18, 18, 18
ch008, 18, 18, 18, 18
ch009, 18, 18, 18, 18
ch010, 18, 18, 18, 18
ch011, 18, 18, 18, 18
ch012, 18, 18, 18, 18
ch013, 17, 17, 17, 17
ch014, 0, 0, 0, 0
</cck>

<ofdm, o6, o9, o12, o18, o24, o36, o48, o54>
ch001, 21, 21, 21, 21, 21, 21, 21, 21
ch002, 21, 21, 21, 21, 21, 21, 21, 21
ch003, 21, 21, 21, 21, 21, 21, 21, 21
ch004, 21, 21, 21, 21, 21, 21, 21, 21
ch005, 21, 21, 21, 21, 21, 21, 21, 21
ch006, 21, 21, 21, 21, 21, 21, 21, 21
ch007, 21, 21, 21, 21, 21, 21, 21, 21
ch008, 21, 21, 21, 21, 21, 21, 21, 21
ch009, 21, 21, 21, 21, 21, 21, 21, 21
ch010, 21, 21, 21, 21, 21, 21, 21, 21
ch011, 21, 21, 21, 21, 21, 21, 21, 21
ch012, 21, 21, 21, 21, 21, 21, 21, 21
ch013, 20, 20, 20, 20, 20, 20, 20, 20
ch014, 0, 0, 0, 0, 0, 0, 0, 0
ch036, 25, 25, 25, 25, 24, 24, 24, 24
ch038, 25, 25, 25, 25, 24, 24, 24, 24
ch040, 26, 26, 26, 26, 24, 24, 24, 24
ch042, 25, 25, 25, 25, 24, 24, 24, 24
ch044, 26, 26, 26, 26, 24, 24, 24, 24
ch046, 26, 26, 26, 26, 24, 24, 24, 24
ch048, 26, 26, 26, 26, 24, 24, 24, 24
ch050, 20, 20, 20, 20, 20, 20, 20, 20
ch052, 20, 20, 20, 20, 20, 20, 20, 20
ch054, 20, 20, 20, 20, 20, 20, 20, 20
ch056, 20, 20, 20, 20, 20, 20, 20, 20
ch058, 20, 20, 20, 20, 20, 20, 20, 20
ch060, 20, 20, 20, 20, 20, 20, 20, 20
ch062, 20, 20, 20, 20, 20, 20, 20, 20
ch064, 20, 20, 20, 20, 20, 20, 20, 20
ch100, 20, 20, 20, 20, 20, 20, 20, 20
ch102, 20, 20, 20, 20, 20, 20, 20, 20
ch104, 20, 20, 20, 20, 20, 20, 20, 20
ch106, 20, 20, 20, 20, 20, 20, 20, 20
ch108, 20, 20, 20, 20, 20, 20, 20, 20
ch110, 20, 20, 20, 20, 20, 20, 20, 20
ch112, 20, 20, 20, 20, 20, 20, 20, 20
ch114, 20, 20, 20, 20, 20, 20, 20, 20
ch116, 20, 20, 20, 20, 20, 20, 20, 20
ch118, 20, 20, 20, 20, 20, 20, 20, 20
ch120, 20, 20, 20, 20, 20, 20, 20, 20
ch122, 20, 20, 20, 20, 20, 20, 20, 20
ch124, 20, 20, 20, 20, 20, 20, 20, 20
ch126, 20, 20, 20, 20, 20, 20, 20, 20
ch128, 20, 20, 20, 20, 20, 20, 20, 20
ch132, 20, 20, 20, 20, 20, 20, 20, 20
ch134, 20, 20, 20, 20, 20, 20, 20, 20
ch136, 20, 20, 20, 20, 20, 20, 20, 20
ch138, 0, 0, 0, 0, 0, 0, 0, 0
ch140, 19, 19, 19, 19, 19, 19, 19, 19
ch142, 0, 0, 0, 0, 0, 0, 0, 0
ch144, 0, 0, 0, 0, 0, 0, 0, 0
ch149, 26, 26, 26, 26, 24, 24, 24, 24
ch151, 26, 26, 26, 26, 24, 24, 24, 24
ch153, 26, 26, 26, 26, 24, 24, 24, 24
ch155, 26, 26, 26, 26, 24, 24, 24, 24
ch157, 26, 26, 26, 26, 24, 24, 24, 24
ch159, 26, 26, 26, 26, 24, 24, 24, 24
ch161, 26, 26, 26, 26, 24, 24, 24, 24
ch165, 26, 26, 26, 26, 24, 24, 24, 24
</ofdm>

<ht20, m0, m1, m2, m3, m4, m5, m6, m7>
ch001, 21, 21, 21, 21, 21, 21, 21, 21
ch002, 21, 21, 21, 21, 21, 21, 21, 21
ch003, 21, 21, 21, 21, 21, 21, 21, 21
ch004, 21, 21, 21, 21, 21, 21, 21, 21
ch005, 21, 21, 21, 21, 21, 21, 21, 21
ch006, 21, 21, 21, 21, 21, 21, 21, 21
ch007, 21, 21, 21, 21, 21, 21, 21, 21
ch008, 21, 21, 21, 21, 21, 21, 21, 21
ch009, 21, 21, 21, 21, 21, 21, 21, 21
ch010, 21, 21, 21, 21, 21, 21, 21, 21
ch011, 21, 21, 21, 21, 21, 21, 21, 21
ch012, 21, 21, 21, 21, 21, 21, 21, 21
ch013, 20, 20, 20, 20, 20, 20, 20, 20
ch014, 0, 0, 0, 0, 0, 0, 0, 0
ch036, 26, 26, 26, 26, 26, 24, 24, 24
ch038, 26, 26, 26, 26, 26, 24, 24, 24
ch040, 26, 26, 26, 26, 26, 24, 24, 24
ch042, 26, 26, 26, 26, 26, 24, 24, 24
ch044, 26, 26, 26, 26, 26, 24, 24, 24
ch046, 26, 26, 26, 26, 26, 24, 24, 24
ch048, 26, 26, 26, 26, 26, 24, 24, 24
ch050, 21, 21, 21, 21, 21, 21, 21, 21
ch052, 21, 21, 21, 21, 21, 21, 21, 21
ch054, 21, 21, 21, 21, 21, 21, 21, 21
ch056, 21, 21, 21, 21, 21, 21, 21, 21
ch058, 21, 21, 21, 21, 21, 21, 21, 21
ch060, 21, 21, 21, 21, 21, 21, 21, 21
ch062, 21, 21, 21, 21, 21, 21, 21, 21
ch064, 21, 21, 21, 21, 21, 21, 21, 21
ch100, 21, 21, 21, 21, 21, 21, 21, 21
ch102, 21, 21, 21, 21, 21, 21, 21, 21
ch104, 21, 21, 21, 21, 21, 21, 21, 21
ch106, 21, 21, 21, 21, 21, 21, 21, 21
ch108, 21, 21, 21, 21, 21, 21, 21, 21
ch110, 21, 21, 21, 21, 21, 21, 21, 21
ch112, 21, 21, 21, 21, 21, 21, 21, 21
ch114, 21, 21, 21, 21, 21, 21, 21, 21
ch116, 21, 21, 21, 21, 21, 21, 21, 21
ch118, 21, 21, 21, 21, 21, 21, 21, 21
ch120, 21, 21, 21, 21, 21, 21, 21, 21
ch122, 21, 21, 21, 21, 21, 21, 21, 21
ch124, 21, 21, 21, 21, 21, 21, 21, 21
ch126, 21, 21, 21, 21, 21, 21, 21, 21
ch128, 21, 21, 21, 21, 21, 21, 21, 21
ch132, 21, 21, 21, 21, 21, 21, 21, 21
ch134, 21, 21, 21, 21, 21, 21, 21, 21
ch136, 21, 21, 21, 21, 21, 21, 21, 21
ch138, 0, 0, 0, 0, 0, 0, 0, 0
ch140, 20, 20, 20, 20, 20, 20, 20, 20
ch142, 0, 0, 0, 0, 0, 0, 0, 0
ch144, 0, 0, 0, 0, 0, 0, 0, 0
ch149, 26, 26, 26, 26, 26, 24, 24, 24
ch151, 26, 26, 26, 26, 26, 24, 24, 24
ch153, 26, 26, 26, 26, 26, 24, 24, 24
ch155, 26, 26, 26, 26, 26, 24, 24, 24
ch157, 26, 26, 26, 26, 26, 24, 24, 24
ch159, 26, 26, 26, 26, 26, 24, 24, 24
ch161, 26, 26, 26, 26, 26, 24, 24, 24
ch165, 26, 26, 26, 26, 26, 24, 24, 24
</ht20>

<ht40, m0, m1, m2, m3, m4, m5, m6, m7, m32>
ch038, 26, 26, 26, 26, 26, 24, 24, 24, 0
ch042, 26, 26, 26, 26, 26, 24, 24, 24, 0
ch046, 26, 26, 26, 26, 26, 24, 24, 24, 0
ch050, 24, 24, 24, 24, 24, 24, 24, 24, 0
ch054, 24, 24, 24, 24, 24, 24, 24, 24, 0
ch058, 24, 24, 24, 24, 24, 24, 24, 24, 0
ch062, 24, 24, 24, 24, 24, 24, 24, 24, 0
ch102, 24, 24, 24, 24, 24, 24, 24, 24, 0
ch106, 24, 24, 24, 24, 24, 24, 24, 24, 0
ch110, 24, 24, 24, 24, 24, 24, 24, 24, 0
ch114, 24, 24, 24, 24, 24, 24, 24, 24, 0
ch118, 24, 24, 24, 24, 24, 24, 24, 24, 0
ch122, 24, 24, 24, 24, 24, 24, 24, 24, 0
ch126, 24, 24, 24, 24, 24, 24, 24, 24, 0
ch134, 23, 23, 23, 23, 23, 23, 23, 23, 0
ch138, 0, 0, 0, 0, 0, 0, 0, 0, 0
ch142, 0, 0, 0, 0, 0, 0, 0, 0, 0
ch151, 26, 26, 26, 26, 26, 24, 24, 24, 0
ch155, 26, 26, 26, 26, 26, 24, 24, 24, 0
ch159, 26, 26, 26, 26, 26, 24, 24, 24, 0
</ht40>

<vht20, m0, m1, m2, m3, m4, m5, m6, m7, m8, m9>
ch001, 21, 21, 21, 21, 21, 21, 21, 21, 21, 0
ch002, 21, 21, 21, 21, 21, 21, 21, 21, 21, 0
ch003, 21, 21, 21, 21, 21, 21, 21, 21, 21, 0
ch004, 21, 21, 21, 21, 21, 21, 21, 21, 21, 0
ch005, 21, 21, 21, 21, 21, 21, 21, 21, 21, 0
ch006, 21, 21, 21, 21, 21, 21, 21, 21, 21, 0
ch007, 21, 21, 21, 21, 21, 21, 21, 21, 21, 0
ch008, 21, 21, 21, 21, 21, 21, 21, 21, 21, 0
ch009, 21, 21, 21, 21, 21, 21, 21, 21, 21, 0
ch010, 21, 21, 21, 21, 21, 21, 21, 21, 21, 0
ch011, 21, 21, 21, 21, 21, 21, 21, 21, 21, 0
ch012, 21, 21, 21, 21, 21, 21, 21, 21, 21, 0
ch013, 20, 20, 20, 20, 20, 20, 20, 20, 20, 0
ch014, 0, 0, 0, 0, 0, 0, 0, 0, 0, 0
ch036, 26, 26, 26, 26, 26, 24, 24, 24, 22, 0
ch038, 26, 26, 26, 26, 26, 24, 24, 24, 22, 0
ch040, 26, 26, 26, 26, 26, 24, 24, 24, 22, 0
ch042, 26, 26, 26, 26, 26, 24, 24, 24, 22, 0
ch044, 26, 26, 26, 26, 26, 24, 24, 24, 22, 0
ch046, 26, 26, 26, 26, 26, 24, 24, 24, 22, 0
ch048, 26, 26, 26, 26, 26, 24, 24, 24, 22, 0
ch050, 21, 21, 21, 21, 21, 21, 21, 21, 21, 0
ch052, 21, 21, 21, 21, 21, 21, 21, 21, 21, 0
ch054, 21, 21, 21, 21, 21, 21, 21, 21, 21, 0
ch056, 21, 21, 21, 21, 21, 21, 21, 21, 21, 0
ch058, 21, 21, 21, 21, 21, 21, 21, 21, 21, 0
ch060, 21, 21, 21, 21, 21, 21, 21, 21, 21, 0
ch062, 21, 21, 21, 21, 21, 21, 21, 21, 21, 0
ch064, 21, 21, 21, 21, 21, 21, 21, 21, 21, 0
ch100, 21, 21, 21, 21, 21, 21, 21, 21, 21, 0
ch102, 21, 21, 21, 21, 21, 21, 21, 21, 21, 0
ch104, 21, 21, 21, 21, 21, 21, 21, 21, 21, 0
ch106, 21, 21, 21, 21, 21, 21, 21, 21, 21, 0
ch108, 21, 21, 21, 21, 21, 21, 21, 21, 21, 0
ch110, 21, 21, 21, 21, 21, 21, 21, 21, 21, 0
ch112, 21, 21, 21, 21, 21, 21, 21, 21, 21, 0
ch114, 21, 21, 21, 21, 21, 21, 21, 21, 21, 0
ch116, 21, 21, 21, 21, 21, 21, 21, 21, 21, 0
ch118, 21, 21, 21, 21, 21, 21, 21, 21, 21, 0
ch120, 21, 21, 21, 21, 21, 21, 21, 21, 21, 0
ch122, 21, 21, 21, 21, 21, 21, 21, 21, 21, 0
ch124, 21, 21, 21, 21, 21, 21, 21, 21, 21, 0
ch126, 21, 21, 21, 21, 21, 21, 21, 21, 21, 0
ch128, 21, 21, 21, 21, 21, 21, 21, 21, 21, 0
ch132, 21, 21, 21, 21, 21, 21, 21, 21, 21, 0
ch134, 21, 21, 21, 21, 21, 21, 21, 21, 21, 0
ch136, 21, 21, 21, 21, 21, 21, 21, 21, 21, 0
ch138, 0, 0, 0, 0, 0, 0, 0, 0, 0, 0
ch140, 20, 20, 20, 20, 20, 20, 20, 20, 20, 0
ch142, 0, 0, 0, 0, 0, 0, 0, 0, 0, 0
ch144, 0, 0, 0, 0, 0, 0, 0, 0, 0, 0
ch149, 26, 26, 26, 26, 26, 24, 24, 24, 22, 0
ch151, 26, 26, 26, 26, 26, 24, 24, 24, 22, 0
ch153, 26, 26, 26, 26, 26, 24, 24, 24, 22, 0
ch155, 26, 26, 26, 26, 26, 24, 24, 24, 22, 0
ch157, 26, 26, 26, 26, 26, 24, 24, 24, 22, 0
ch159, 26, 26, 26, 26, 26, 24, 24, 24, 22, 0
ch161, 26, 26, 26, 26, 26, 24, 24, 24, 22, 0
ch165, 26, 26, 26, 26, 26, 24, 24, 24, 22, 0
</vht20>

<vht40, m0, m1, m2, m3, m4, m5, m6, m7, m8, m9>
ch038, 26, 26, 26, 26, 26, 24, 24, 24, 22, 22
ch042, 26, 26, 26, 26, 26, 24, 24, 24, 22, 22
ch046, 26, 26, 26, 26, 26, 24, 24, 24, 22, 22
ch050, 24, 24, 24, 24, 24, 24, 24, 24, 22, 22
ch054, 24, 24, 24, 24, 24, 24, 24, 24, 22, 22
ch058, 24, 24, 24, 24, 24, 24, 24, 24, 22, 22
ch062, 24, 24, 24, 24, 24, 24, 24, 24, 22, 22
ch102, 24, 24, 24, 24, 24, 24, 24, 24, 22, 22
ch106, 24, 24, 24, 24, 24, 24, 24, 24, 22, 22
ch110, 24, 24, 24, 24, 24, 24, 24, 24, 22, 22
ch114, 24, 24, 24, 24, 24, 24, 24, 24, 22, 22
ch118, 24, 24, 24, 24, 24, 24, 24, 24, 22, 22
ch122, 24, 24, 24, 24, 24, 24, 24, 24, 22, 22
ch126, 24, 24, 24, 24, 24, 24, 24, 24, 22, 22
ch134, 23, 23, 23, 23, 23, 23, 23, 23, 22, 22
ch138, 0, 0, 0, 0, 0, 0, 0, 0, 0, 0
ch142, 0, 0, 0, 0, 0, 0, 0, 0, 0, 0
ch151, 26, 26, 26, 26, 26, 24, 24, 24, 22, 22
ch155, 26, 26, 26, 26, 26, 24, 24, 24, 22, 22
ch159, 26, 26, 26, 26, 26, 24, 24, 24, 22, 22
</vht40>

<vht80, m0, m1, m2, m3, m4, m5, m6, m7, m8, m9>
ch042, 26, 26, 26, 26, 26, 24, 24, 24, 22, 22
ch050, 24, 24, 24, 24, 24, 24, 24, 24, 22, 22
ch058, 24, 24, 24, 24, 24, 24, 24, 24, 22, 22
ch106, 24, 24, 24, 24, 24, 24, 24, 24, 22, 22
ch114, 24, 24, 24, 24, 24, 24, 24, 24, 22, 22
ch122, 24, 24, 24, 24, 24, 24, 24, 24, 22, 22
ch138, 0, 0, 0, 0, 0, 0, 0, 0, 0, 0
ch155, 26, 26, 26, 26, 26, 24, 24, 24, 22, 22
</vht80>

<ru26, m0, m1, m2, m3, m4, m5, m6, m7, m8, m9, m10, m11>
ch001, 21, 21, 21, 21, 21, 21, 21, 21, 21, 21, 21, 21
ch002, 21, 21, 21, 21, 21, 21, 21, 21, 21, 21, 21, 21
ch003, 21, 21, 21, 21, 21, 21, 21, 21, 21, 21, 21, 21
ch004, 21, 21, 21, 21, 21, 21, 21, 21, 21, 21, 21, 21
ch005, 21, 21, 21, 21, 21, 21, 21, 21, 21, 21, 21, 21
ch006, 21, 21, 21, 21, 21, 21, 21, 21, 21, 21, 21, 21
ch007, 21, 21, 21, 21, 21, 21, 21, 21, 21, 21, 21, 21
ch008, 21, 21, 21, 21, 21, 21, 21, 21, 21, 21, 21, 21
ch009, 21, 21, 21, 21, 21, 21, 21, 21, 21, 21, 21, 21
ch010, 21, 21, 21, 21, 21, 21, 21, 21, 21, 21, 21, 21
ch011, 21, 21, 21, 21, 21, 21, 21, 21, 21, 21, 21, 21
ch012, 21, 21, 21, 21, 21, 21, 21, 21, 21, 21, 21, 21
ch013, 21, 21, 21, 21, 21, 21, 21, 21, 21, 21, 21, 21
ch014, 0, 0, 0, 0, 0, 0, 0, 0, 0, 0, 0, 0
ch036, 26, 26, 26, 26, 26, 24, 24, 24, 22, 22, 22, 22
ch038, 26, 26, 26, 26, 26, 24, 24, 24, 22, 22, 22, 22
ch040, 26, 26, 26, 26, 26, 24, 24, 24, 22, 22, 22, 22
ch042, 26, 26, 26, 26, 26, 24, 24, 24, 22, 22, 22, 22
ch044, 26, 26, 26, 26, 26, 24, 24, 24, 22, 22, 22, 22
ch046, 26, 26, 26, 26, 26, 24, 24, 24, 22, 22, 22, 22
ch048, 26, 26, 26, 26, 26, 24, 24, 24, 22, 22, 22, 22
ch050, 2, 2, 2, 2, 2, 2, 2, 2, 2, 2, 2, 2
ch052, 2, 2, 2, 2, 2, 2, 2, 2, 2, 2, 2, 2
ch054, 2, 2, 2, 2, 2, 2, 2, 2, 2, 2, 2, 2
ch056, 2, 2, 2, 2, 2, 2, 2, 2, 2, 2, 2, 2
ch058, 2, 2, 2, 2, 2, 2, 2, 2, 2, 2, 2, 2
ch060, 2, 2, 2, 2, 2, 2, 2, 2, 2, 2, 2, 2
ch062, 2, 2, 2, 2, 2, 2, 2, 2, 2, 2, 2, 2
ch064, 2, 2, 2, 2, 2, 2, 2, 2, 2, 2, 2, 2
ch100, 2, 2, 2, 2, 2, 2, 2, 2, 2, 2, 2, 2
ch102, 2, 2, 2, 2, 2, 2, 2, 2, 2, 2, 2, 2
ch104, 2, 2, 2, 2, 2, 2, 2, 2, 2, 2, 2, 2
ch106, 2, 2, 2, 2, 2, 2, 2, 2, 2, 2, 2, 2
ch108, 2, 2, 2, 2, 2, 2, 2, 2, 2, 2, 2, 2
ch110, 2, 2, 2, 2, 2, 2, 2, 2, 2, 2, 2, 2
ch112, 2, 2, 2, 2, 2, 2, 2, 2, 2, 2, 2, 2
ch114, 2, 2, 2, 2, 2, 2, 2, 2, 2, 2, 2, 2
ch116, 2, 2, 2, 2, 2, 2, 2, 2, 2, 2, 2, 2
ch118, 2, 2, 2, 2, 2, 2, 2, 2, 2, 2, 2, 2
ch120, 2, 2, 2, 2, 2, 2, 2, 2, 2, 2, 2, 2
ch122, 2, 2, 2, 2, 2, 2, 2, 2, 2, 2, 2, 2
ch124, 2, 2, 2, 2, 2, 2, 2, 2, 2, 2, 2, 2
ch126, 2, 2, 2, 2, 2, 2, 2, 2, 2, 2, 2, 2
ch128, 2, 2, 2, 2, 2, 2, 2, 2, 2, 2, 2, 2
ch132, 21, 21, 21, 21, 21, 21, 21, 21, 21, 21, 21, 21
ch134, 21, 21, 21, 21, 21, 21, 21, 21, 21, 21, 21, 21
ch136, 21, 21, 21, 21, 21, 21, 21, 21, 21, 21, 21, 21
ch138, 0, 0, 0, 0, 0, 0, 0, 0, 0, 0, 0, 0
ch140, 20, 20, 20, 20, 20, 20, 20, 20, 20, 20, 20, 20
ch142, 0, 0, 0, 0, 0, 0, 0, 0, 0, 0, 0, 0
ch144, 0, 0, 0, 0, 0, 0, 0, 0, 0, 0, 0, 0
ch149, 26, 26, 26, 26, 26, 24, 24, 24, 22, 22, 22, 22
ch151, 26, 26, 26, 26, 26, 24, 24, 24, 22, 22, 22, 22
ch153, 26, 26, 26, 26, 26, 24, 24, 24, 22, 22, 22, 22
ch155, 26, 26, 26, 26, 26, 24, 24, 24, 22, 22, 22, 22
ch157, 26, 26, 26, 26, 26, 24, 24, 24, 22, 22, 22, 22
ch159, 26, 26, 26, 26, 26, 24, 24, 24, 22, 22, 22, 22
ch161, 26, 26, 26, 26, 26, 24, 24, 24, 22, 22, 22, 22
ch165, 26, 26, 26, 26, 26, 24, 24, 24, 22, 22, 22, 22
</ru26>

<ru52, m0, m1, m2, m3, m4, m5, m6, m7, m8, m9, m10, m11>
ch001, 21, 21, 21, 21, 21, 21, 21, 21, 21, 21, 21, 21
ch002, 21, 21, 21, 21, 21, 21, 21, 21, 21, 21, 21, 21
ch003, 21, 21, 21, 21, 21, 21, 21, 21, 21, 21, 21, 21
ch004, 21, 21, 21, 21, 21, 21, 21, 21, 21, 21, 21, 21
ch005, 21, 21, 21, 21, 21, 21, 21, 21, 21, 21, 21, 21
ch006, 21, 21, 21, 21, 21, 21, 21, 21, 21, 21, 21, 21
ch007, 21, 21, 21, 21, 21, 21, 21, 21, 21, 21, 21, 21
ch008, 21, 21, 21, 21, 21, 21, 21, 21, 21, 21, 21, 21
ch009, 21, 21, 21, 21, 21, 21, 21, 21, 21, 21, 21, 21
ch010, 21, 21, 21, 21, 21, 21, 21, 21, 21, 21, 21, 21
ch011, 21, 21, 21, 21, 21, 21, 21, 21, 21, 21, 21, 21
ch012, 21, 21, 21, 21, 21, 21, 21, 21, 21, 21, 21, 21
ch013, 21, 21, 21, 21, 21, 21, 21, 21, 21, 21, 21, 21
ch014, 0, 0, 0, 0, 0, 0, 0, 0, 0, 0, 0, 0
ch036, 26, 26, 26, 26, 26, 24, 24, 24, 22, 22, 22, 22
ch038, 26, 26, 26, 26, 26, 24, 24, 24, 22, 22, 22, 22
ch040, 26, 26, 26, 26, 26, 24, 24, 24, 22, 22, 22, 22
ch042, 26, 26, 26, 26, 26, 24, 24, 24, 22, 22, 22, 22
ch044, 26, 26, 26, 26, 26, 24, 24, 24, 22, 22, 22, 22
ch046, 26, 26, 26, 26, 26, 24, 24, 24, 22, 22, 22, 22
ch048, 26, 26, 26, 26, 26, 24, 24, 24, 22, 22, 22, 22
ch050, 8, 8, 8, 8, 8, 8, 8, 8, 8, 8, 8, 8
ch052, 8, 8, 8, 8, 8, 8, 8, 8, 8, 8, 8, 8
ch054, 8, 8, 8, 8, 8, 8, 8, 8, 8, 8, 8, 8
ch056, 8, 8, 8, 8, 8, 8, 8, 8, 8, 8, 8, 8
ch058, 8, 8, 8, 8, 8, 8, 8, 8, 8, 8, 8, 8
ch060, 8, 8, 8, 8, 8, 8, 8, 8, 8, 8, 8, 8
ch062, 8, 8, 8, 8, 8, 8, 8, 8, 8, 8, 8, 8
ch064, 8, 8, 8, 8, 8, 8, 8, 8, 8, 8, 8, 8
ch100, 8, 8, 8, 8, 8, 8, 8, 8, 8, 8, 8, 8
ch102, 8, 8, 8, 8, 8, 8, 8, 8, 8, 8, 8, 8
ch104, 8, 8, 8, 8, 8, 8, 8, 8, 8, 8, 8, 8
ch106, 8, 8, 8, 8, 8, 8, 8, 8, 8, 8, 8, 8
ch108, 8, 8, 8, 8, 8, 8, 8, 8, 8, 8, 8, 8
ch110, 8, 8, 8, 8, 8, 8, 8, 8, 8, 8, 8, 8
ch112, 8, 8, 8, 8, 8, 8, 8, 8, 8, 8, 8, 8
ch114, 8, 8, 8, 8, 8, 8, 8, 8, 8, 8, 8, 8
ch116, 8, 8, 8, 8, 8, 8, 8, 8, 8, 8, 8, 8
ch118, 8, 8, 8, 8, 8, 8, 8, 8, 8, 8, 8, 8
ch120, 8, 8, 8, 8, 8, 8, 8, 8, 8, 8, 8, 8
ch122, 8, 8, 8, 8, 8, 8, 8, 8, 8, 8, 8, 8
ch124, 8, 8, 8, 8, 8, 8, 8, 8, 8, 8, 8, 8
ch126, 8, 8, 8, 8, 8, 8, 8, 8, 8, 8, 8, 8
ch128, 8, 8, 8, 8, 8, 8, 8, 8, 8, 8, 8, 8
ch132, 21, 21, 21, 21, 21, 21, 21, 21, 21, 21, 21, 21
ch134, 21, 21, 21, 21, 21, 21, 21, 21, 21, 21, 21, 21
ch136, 21, 21, 21, 21, 21, 21, 21, 21, 21, 21, 21, 21
ch138, 0, 0, 0, 0, 0, 0, 0, 0, 0, 0, 0, 0
ch140, 20, 20, 20, 20, 20, 20, 20, 20, 20, 20, 20, 20
ch142, 0, 0, 0, 0, 0, 0, 0, 0, 0, 0, 0, 0
ch144, 0, 0, 0, 0, 0, 0, 0, 0, 0, 0, 0, 0
ch149, 26, 26, 26, 26, 26, 24, 24, 24, 22, 22, 22, 22
ch151, 26, 26, 26, 26, 26, 24, 24, 24, 22, 22, 22, 22
ch153, 26, 26, 26, 26, 26, 24, 24, 24, 22, 22, 22, 22
ch155, 26, 26, 26, 26, 26, 24, 24, 24, 22, 22, 22, 22
ch157, 26, 26, 26, 26, 26, 24, 24, 24, 22, 22, 22, 22
ch159, 26, 26, 26, 26, 26, 24, 24, 24, 22, 22, 22, 22
ch161, 26, 26, 26, 26, 26, 24, 24, 24, 22, 22, 22, 22
ch165, 26, 26, 26, 26, 26, 24, 24, 24, 22, 22, 22, 22
</ru52>

<ru106, m0, m1, m2, m3, m4, m5, m6, m7, m8, m9, m10, m11>
ch001, 21, 21, 21, 21, 21, 21, 21, 21, 21, 21, 21, 21
ch002, 21, 21, 21, 21, 21, 21, 21, 21, 21, 21, 21, 21
ch003, 21, 21, 21, 21, 21, 21, 21, 21, 21, 21, 21, 21
ch004, 21, 21, 21, 21, 21, 21, 21, 21, 21, 21, 21, 21
ch005, 21, 21, 21, 21, 21, 21, 21, 21, 21, 21, 21, 21
ch006, 21, 21, 21, 21, 21, 21, 21, 21, 21, 21, 21, 21
ch007, 21, 21, 21, 21, 21, 21, 21, 21, 21, 21, 21, 21
ch008, 21, 21, 21, 21, 21, 21, 21, 21, 21, 21, 21, 21
ch009, 21, 21, 21, 21, 21, 21, 21, 21, 21, 21, 21, 21
ch010, 21, 21, 21, 21, 21, 21, 21, 21, 21, 21, 21, 21
ch011, 21, 21, 21, 21, 21, 21, 21, 21, 21, 21, 21, 21
ch012, 21, 21, 21, 21, 21, 21, 21, 21, 21, 21, 21, 21
ch013, 21, 21, 21, 21, 21, 21, 21, 21, 21, 21, 21, 21
ch014, 0, 0, 0, 0, 0, 0, 0, 0, 0, 0, 0, 0
ch036, 26, 26, 26, 26, 26, 24, 24, 24, 22, 22, 22, 22
ch038, 26, 26, 26, 26, 26, 24, 24, 24, 22, 22, 22, 22
ch040, 26, 26, 26, 26, 26, 24, 24, 24, 22, 22, 22, 22
ch042, 26, 26, 26, 26, 26, 24, 24, 24, 22, 22, 22, 22
ch044, 26, 26, 26, 26, 26, 24, 24, 24, 22, 22, 22, 22
ch046, 26, 26, 26, 26, 26, 24, 24, 24, 22, 22, 22, 22
ch048, 26, 26, 26, 26, 26, 24, 24, 24, 22, 22, 22, 22
ch050, 14, 14, 14, 14, 14, 14, 14, 14, 14, 14, 14, 14
ch052, 14, 14, 14, 14, 14, 14, 14, 14, 14, 14, 14, 14
ch054, 14, 14, 14, 14, 14, 14, 14, 14, 14, 14, 14, 14
ch056, 14, 14, 14, 14, 14, 14, 14, 14, 14, 14, 14, 14
ch058, 14, 14, 14, 14, 14, 14, 14, 14, 14, 14, 14, 14
ch060, 14, 14, 14, 14, 14, 14, 14, 14, 14, 14, 14, 14
ch062, 14, 14, 14, 14, 14, 14, 14, 14, 14, 14, 14, 14
ch064, 14, 14, 14, 14, 14, 14, 14, 14, 14, 14, 14, 14
ch100, 14, 14, 14, 14, 14, 14, 14, 14, 14, 14, 14, 14
ch102, 14, 14, 14, 14, 14, 14, 14, 14, 14, 14, 14, 14
ch104, 14, 14, 14, 14, 14, 14, 14, 14, 14, 14, 14, 14
ch106, 14, 14, 14, 14, 14, 14, 14, 14, 14, 14, 14, 14
ch108, 14, 14, 14, 14, 14, 14, 14, 14, 14, 14, 14, 14
ch110, 14, 14, 14, 14, 14, 14, 14, 14, 14, 14, 14, 14
ch112, 14, 14, 14, 14, 14, 14, 14, 14, 14, 14, 14, 14
ch114, 14, 14, 14, 14, 14, 14, 14, 14, 14, 14, 14, 14
ch116, 14, 14, 14, 14, 14, 14, 14, 14, 14, 14, 14, 14
ch118, 14, 14, 14, 14, 14, 14, 14, 14, 14, 14, 14, 14
ch120, 14, 14, 14, 14, 14, 14, 14, 14, 14, 14, 14, 14
ch122, 14, 14, 14, 14, 14, 14, 14, 14, 14, 14, 14, 14
ch124, 14, 14, 14, 14, 14, 14, 14, 14, 14, 14, 14, 14
ch126, 14, 14, 14, 14, 14, 14, 14, 14, 14, 14, 14, 14
ch128, 14, 14, 14, 14, 14, 14, 14, 14, 14, 14, 14, 14
ch132, 21, 21, 21, 21, 21, 21, 21, 21, 21, 21, 21, 21
ch134, 21, 21, 21, 21, 21, 21, 21, 21, 21, 21, 21, 21
ch136, 21, 21, 21, 21, 21, 21, 21, 21, 21, 21, 21, 21
ch138, 0, 0, 0, 0, 0, 0, 0, 0, 0, 0, 0, 0
ch140, 20, 20, 20, 20, 20, 20, 20, 20, 20, 20, 20, 20
ch142, 0, 0, 0, 0, 0, 0, 0, 0, 0, 0, 0, 0
ch144, 0, 0, 0, 0, 0, 0, 0, 0, 0, 0, 0, 0
ch149, 26, 26, 26, 26, 26, 24, 24, 24, 22, 22, 22, 22
ch151, 26, 26, 26, 26, 26, 24, 24, 24, 22, 22, 22, 22
ch153, 26, 26, 26, 26, 26, 24, 24, 24, 22, 22, 22, 22
ch155, 26, 26, 26, 26, 26, 24, 24, 24, 22, 22, 22, 22
ch157, 26, 26, 26, 26, 26, 24, 24, 24, 22, 22, 22, 22
ch159, 26, 26, 26, 26, 26, 24, 24, 24, 22, 22, 22, 22
ch161, 26, 26, 26, 26, 26, 24, 24, 24, 22, 22, 22, 22
ch165, 26, 26, 26, 26, 26, 24, 24, 24, 22, 22, 22, 22
</ru106>

<ru242, m0, m1, m2, m3, m4, m5, m6, m7, m8, m9, m10, m11>
ch001, 21, 21, 21, 21, 21, 21, 21, 21, 21, 21, 21, 21
ch002, 21, 21, 21, 21, 21, 21, 21, 21, 21, 21, 21, 21
ch003, 21, 21, 21, 21, 21, 21, 21, 21, 21, 21, 21, 21
ch004, 21, 21, 21, 21, 21, 21, 21, 21, 21, 21, 21, 21
ch005, 21, 21, 21, 21, 21, 21, 21, 21, 21, 21, 21, 21
ch006, 21, 21, 21, 21, 21, 21, 21, 21, 21, 21, 21, 21
ch007, 21, 21, 21, 21, 21, 21, 21, 21, 21, 21, 21, 21
ch008, 21, 21, 21, 21, 21, 21, 21, 21, 21, 21, 21, 21
ch009, 21, 21, 21, 21, 21, 21, 21, 21, 21, 21, 21, 21
ch010, 21, 21, 21, 21, 21, 21, 21, 21, 21, 21, 21, 21
ch011, 21, 21, 21, 21, 21, 21, 21, 21, 21, 21, 21, 21
ch012, 21, 21, 21, 21, 21, 21, 21, 21, 21, 21, 21, 21
ch013, 21, 21, 21, 21, 21, 21, 21, 21, 21, 21, 21, 21
ch014, 0, 0, 0, 0, 0, 0, 0, 0, 0, 0, 0, 0
ch036, 26, 26, 26, 26, 26, 24, 24, 24, 22, 22, 22, 22
ch038, 26, 26, 26, 26, 26, 24, 24, 24, 22, 22, 22, 22
ch040, 26, 26, 26, 26, 26, 24, 24, 24, 22, 22, 22, 22
ch042, 26, 26, 26, 26, 26, 24, 24, 24, 22, 22, 22, 22
ch044, 26, 26, 26, 26, 26, 24, 24, 24, 22, 22, 22, 22
ch046, 26, 26, 26, 26, 26, 24, 24, 24, 22, 22, 22, 22
ch048, 26, 26, 26, 26, 26, 24, 24, 24, 22, 22, 22, 22
ch050, 21, 21, 21, 21, 21, 21, 21, 21, 21, 21, 21, 21
ch052, 21, 21, 21, 21, 21, 21, 21, 21, 21, 21, 21, 21
ch054, 21, 21, 21, 21, 21, 21, 21, 21, 21, 21, 21, 21
ch056, 21, 21, 21, 21, 21, 21, 21, 21, 21, 21, 21, 21
ch058, 21, 21, 21, 21, 21, 21, 21, 21, 21, 21, 21, 21
ch060, 21, 21, 21, 21, 21, 21, 21, 21, 21, 21, 21, 21
ch062, 21, 21, 21, 21, 21, 21, 21, 21, 21, 21, 21, 21
ch064, 21, 21, 21, 21, 21, 21, 21, 21, 21, 21, 21, 21
ch100, 21, 21, 21, 21, 21, 21, 21, 21, 21, 21, 21, 21
ch102, 21, 21, 21, 21, 21, 21, 21, 21, 21, 21, 21, 21
ch104, 21, 21, 21, 21, 21, 21, 21, 21, 21, 21, 21, 21
ch106, 21, 21, 21, 21, 21, 21, 21, 21, 21, 21, 21, 21
ch108, 21, 21, 21, 21, 21, 21, 21, 21, 21, 21, 21, 21
ch110, 21, 21, 21, 21, 21, 21, 21, 21, 21, 21, 21, 21
ch112, 21, 21, 21, 21, 21, 21, 21, 21, 21, 21, 21, 21
ch114, 21, 21, 21, 21, 21, 21, 21, 21, 21, 21, 21, 21
ch116, 21, 21, 21, 21, 21, 21, 21, 21, 21, 21, 21, 21
ch118, 21, 21, 21, 21, 21, 21, 21, 21, 21, 21, 21, 21
ch120, 21, 21, 21, 21, 21, 21, 21, 21, 21, 21, 21, 21
ch122, 21, 21, 21, 21, 21, 21, 21, 21, 21, 21, 21, 21
ch124, 21, 21, 21, 21, 21, 21, 21, 21, 21, 21, 21, 21
ch126, 21, 21, 21, 21, 21, 21, 21, 21, 21, 21, 21, 21
ch128, 21, 21, 21, 21, 21, 21, 21, 21, 21, 21, 21, 21
ch132, 21, 21, 21, 21, 21, 21, 21, 21, 21, 21, 21, 21
ch134, 21, 21, 21, 21, 21, 21, 21, 21, 21, 21, 21, 21
ch136, 21, 21, 21, 21, 21, 21, 21, 21, 21, 21, 21, 21
ch138, 0, 0, 0, 0, 0, 0, 0, 0, 0, 0, 0, 0
ch140, 20, 20, 20, 20, 20, 20, 20, 20, 20, 20, 20, 20
ch142, 0, 0, 0, 0, 0, 0, 0, 0, 0, 0, 0, 0
ch144, 0, 0, 0, 0, 0, 0, 0, 0, 0, 0, 0, 0
ch149, 26, 26, 26, 26, 26, 24, 24, 24, 22, 22, 22, 22
ch151, 26, 26, 26, 26, 26, 24, 24, 24, 22, 22, 22, 22
ch153, 26, 26, 26, 26, 26, 24, 24, 24, 22, 22, 22, 22
ch155, 26, 26, 26, 26, 26, 24, 24, 24, 22, 22, 22, 22
ch157, 26, 26, 26, 26, 26, 24, 24, 24, 22, 22, 22, 22
ch159, 26, 26, 26, 26, 26, 24, 24, 24, 22, 22, 22, 22
ch161, 26, 26, 26, 26, 26, 24, 24, 24, 22, 22, 22, 22
ch165, 26, 26, 26, 26, 26, 24, 24, 24, 22, 22, 22, 22
</ru242>

<ru484, m0, m1, m2, m3, m4, m5, m6, m7, m8, m9, m10, m11>
ch038, 26, 26, 26, 26, 26, 24, 24, 24, 22, 22, 22, 22
ch042, 26, 26, 26, 26, 26, 24, 24, 24, 22, 22, 22, 22
ch046, 26, 26, 26, 26, 26, 24, 24, 24, 22, 22, 22, 22
ch050, 24, 24, 24, 24, 24, 24, 24, 24, 22, 22, 22, 22
ch054, 24, 24, 24, 24, 24, 24, 24, 24, 22, 22, 22, 22
ch058, 24, 24, 24, 24, 24, 24, 24, 24, 22, 22, 22, 22
ch062, 24, 24, 24, 24, 24, 24, 24, 24, 22, 22, 22, 22
ch102, 24, 24, 24, 24, 24, 24, 24, 24, 22, 22, 22, 22
ch106, 24, 24, 24, 24, 24, 24, 24, 24, 22, 22, 22, 22
ch110, 24, 24, 24, 24, 24, 24, 24, 24, 22, 22, 22, 22
ch114, 24, 24, 24, 24, 24, 24, 24, 24, 22, 22, 22, 22
ch118, 24, 24, 24, 24, 24, 24, 24, 24, 22, 22, 22, 22
ch122, 24, 24, 24, 24, 24, 24, 24, 24, 22, 22, 22, 22
ch126, 24, 24, 24, 24, 24, 24, 24, 24, 22, 22, 22, 22
ch134, 23, 23, 23, 23, 23, 23, 23, 23, 22, 22, 22, 22
ch138, 0, 0, 0, 0, 0, 0, 0, 0, 0, 0, 0, 0
ch142, 0, 0, 0, 0, 0, 0, 0, 0, 0, 0, 0, 0
ch151, 26, 26, 26, 26, 26, 24, 24, 24, 22, 22, 22, 22
ch155, 26, 26, 26, 26, 26, 24, 24, 24, 22, 22, 22, 22
ch159, 26, 26, 26, 26, 26, 24, 24, 24, 22, 22, 22, 22
</ru484>

<ru996, m0, m1, m2, m3, m4, m5, m6, m7, m8, m9, m10, m11>
ch042, 26, 26, 26, 26, 26, 24, 24, 24, 22, 22, 22, 22
ch050, 24, 24, 24, 24, 24, 24, 24, 24, 22, 22, 22, 22
ch058, 24, 24, 24, 24, 24, 24, 24, 24, 22, 22, 22, 22
ch106, 24, 24, 24, 24, 24, 24, 24, 24, 22, 22, 22, 22
ch114, 24, 24, 24, 24, 24, 24, 24, 24, 22, 22, 22, 22
ch122, 24, 24, 24, 24, 24, 24, 24, 24, 22, 22, 22, 22
ch138, 0, 0, 0, 0, 0, 0, 0, 0, 0, 0, 0, 0
ch155, 26, 26, 26, 26, 26, 24, 24, 24, 22, 22, 22, 22
</ru996>

[IA]
<cck, c1, c2, c5, c11>
ch001, 16, 16, 16, 16
ch002, 16, 16, 16, 16
ch003, 16, 16, 16, 16
ch004, 16, 16, 16, 16
ch005, 16, 16, 16, 16
ch006, 16, 16, 16, 16
ch007, 16, 16, 16, 16
ch008, 16, 16, 16, 16
ch009, 16, 16, 16, 16
ch010, 16, 16, 16, 16
ch011, 16, 16, 16, 16
ch012, 16, 16, 16, 16
ch013, 16, 16, 16, 16
ch014, 0, 0, 0, 0
</cck>

<ofdm, o6, o9, o12, o18, o24, o36, o48, o54>
ch001, 8, 8, 8, 8, 8, 8, 8, 8
ch002, 8, 8, 8, 8, 8, 8, 8, 8
ch003, 8, 8, 8, 8, 8, 8, 8, 8
ch004, 8, 8, 8, 8, 8, 8, 8, 8
ch005, 8, 8, 8, 8, 8, 8, 8, 8
ch006, 8, 8, 8, 8, 8, 8, 8, 8
ch007, 8, 8, 8, 8, 8, 8, 8, 8
ch008, 8, 8, 8, 8, 8, 8, 8, 8
ch009, 8, 8, 8, 8, 8, 8, 8, 8
ch010, 8, 8, 8, 8, 8, 8, 8, 8
ch011, 8, 8, 8, 8, 8, 8, 8, 8
ch012, 8, 8, 8, 8, 8, 8, 8, 8
ch013, 8, 8, 8, 8, 8, 8, 8, 8
ch014, 0, 0, 0, 0, 0, 0, 0, 0
ch036, 17, 17, 17, 17, 17, 17, 17, 17
ch038, 17, 17, 17, 17, 17, 17, 17, 17
ch040, 17, 17, 17, 17, 17, 17, 17, 17
ch042, 17, 17, 17, 17, 17, 17, 17, 17
ch044, 17, 17, 17, 17, 17, 17, 17, 17
ch046, 17, 17, 17, 17, 17, 17, 17, 17
ch048, 17, 17, 17, 17, 17, 17, 17, 17
ch050, 17, 17, 17, 17, 17, 17, 17, 17
ch052, 20, 20, 20, 20, 20, 20, 20, 20
ch054, 20, 20, 20, 20, 20, 20, 20, 20
ch056, 20, 20, 20, 20, 20, 20, 20, 20
ch058, 20, 20, 20, 20, 20, 20, 20, 20
ch060, 20, 20, 20, 20, 20, 20, 20, 20
ch062, 20, 20, 20, 20, 20, 20, 20, 20
ch064, 20, 20, 20, 20, 20, 20, 20, 20
ch100, 0, 0, 0, 0, 0, 0, 0, 0
ch102, 0, 0, 0, 0, 0, 0, 0, 0
ch104, 0, 0, 0, 0, 0, 0, 0, 0
ch106, 0, 0, 0, 0, 0, 0, 0, 0
ch108, 0, 0, 0, 0, 0, 0, 0, 0
ch110, 0, 0, 0, 0, 0, 0, 0, 0
ch112, 0, 0, 0, 0, 0, 0, 0, 0
ch114, 0, 0, 0, 0, 0, 0, 0, 0
ch116, 0, 0, 0, 0, 0, 0, 0, 0
ch118, 0, 0, 0, 0, 0, 0, 0, 0
ch120, 0, 0, 0, 0, 0, 0, 0, 0
ch122, 0, 0, 0, 0, 0, 0, 0, 0
ch124, 0, 0, 0, 0, 0, 0, 0, 0
ch126, 0, 0, 0, 0, 0, 0, 0, 0
ch128, 0, 0, 0, 0, 0, 0, 0, 0
ch132, 0, 0, 0, 0, 0, 0, 0, 0
ch134, 0, 0, 0, 0, 0, 0, 0, 0
ch136, 0, 0, 0, 0, 0, 0, 0, 0
ch138, 0, 0, 0, 0, 0, 0, 0, 0
ch140, 0, 0, 0, 0, 0, 0, 0, 0
ch142, 0, 0, 0, 0, 0, 0, 0, 0
ch144, 0, 0, 0, 0, 0, 0, 0, 0
ch149, 20, 20, 20, 20, 20, 20, 20, 20
ch151, 20, 20, 20, 20, 20, 20, 20, 20
ch153, 20, 20, 20, 20, 20, 20, 20, 20
ch155, 20, 20, 20, 20, 20, 20, 20, 20
ch157, 20, 20, 20, 20, 20, 20, 20, 20
ch159, 20, 20, 20, 20, 20, 20, 20, 20
ch161, 20, 20, 20, 20, 20, 20, 20, 20
ch165, 20, 20, 20, 20, 20, 20, 20, 20
</ofdm>

<ht20, m0, m1, m2, m3, m4, m5, m6, m7>
ch001, 9, 9, 9, 9, 9, 9, 9, 9
ch002, 9, 9, 9, 9, 9, 9, 9, 9
ch003, 9, 9, 9, 9, 9, 9, 9, 9
ch004, 9, 9, 9, 9, 9, 9, 9, 9
ch005, 9, 9, 9, 9, 9, 9, 9, 9
ch006, 9, 9, 9, 9, 9, 9, 9, 9
ch007, 9, 9, 9, 9, 9, 9, 9, 9
ch008, 9, 9, 9, 9, 9, 9, 9, 9
ch009, 9, 9, 9, 9, 9, 9, 9, 9
ch010, 9, 9, 9, 9, 9, 9, 9, 9
ch011, 9, 9, 9, 9, 9, 9, 9, 9
ch012, 9, 9, 9, 9, 9, 9, 9, 9
ch013, 9, 9, 9, 9, 9, 9, 9, 9
ch014, 0, 0, 0, 0, 0, 0, 0, 0
ch036, 17, 17, 17, 17, 17, 17, 17, 17
ch038, 17, 17, 17, 17, 17, 17, 17, 17
ch040, 17, 17, 17, 17, 17, 17, 17, 17
ch042, 17, 17, 17, 17, 17, 17, 17, 17
ch044, 17, 17, 17, 17, 17, 17, 17, 17
ch046, 17, 17, 17, 17, 17, 17, 17, 17
ch048, 17, 17, 17, 17, 17, 17, 17, 17
ch050, 17, 17, 17, 17, 17, 17, 17, 17
ch052, 20, 20, 20, 20, 20, 20, 20, 20
ch054, 20, 20, 20, 20, 20, 20, 20, 20
ch056, 20, 20, 20, 20, 20, 20, 20, 20
ch058, 20, 20, 20, 20, 20, 20, 20, 20
ch060, 20, 20, 20, 20, 20, 20, 20, 20
ch062, 20, 20, 20, 20, 20, 20, 20, 20
ch064, 20, 20, 20, 20, 20, 20, 20, 20
ch100, 0, 0, 0, 0, 0, 0, 0, 0
ch102, 0, 0, 0, 0, 0, 0, 0, 0
ch104, 0, 0, 0, 0, 0, 0, 0, 0
ch106, 0, 0, 0, 0, 0, 0, 0, 0
ch108, 0, 0, 0, 0, 0, 0, 0, 0
ch110, 0, 0, 0, 0, 0, 0, 0, 0
ch112, 0, 0, 0, 0, 0, 0, 0, 0
ch114, 0, 0, 0, 0, 0, 0, 0, 0
ch116, 0, 0, 0, 0, 0, 0, 0, 0
ch118, 0, 0, 0, 0, 0, 0, 0, 0
ch120, 0, 0, 0, 0, 0, 0, 0, 0
ch122, 0, 0, 0, 0, 0, 0, 0, 0
ch124, 0, 0, 0, 0, 0, 0, 0, 0
ch126, 0, 0, 0, 0, 0, 0, 0, 0
ch128, 0, 0, 0, 0, 0, 0, 0, 0
ch132, 0, 0, 0, 0, 0, 0, 0, 0
ch134, 0, 0, 0, 0, 0, 0, 0, 0
ch136, 0, 0, 0, 0, 0, 0, 0, 0
ch138, 0, 0, 0, 0, 0, 0, 0, 0
ch140, 0, 0, 0, 0, 0, 0, 0, 0
ch142, 0, 0, 0, 0, 0, 0, 0, 0
ch144, 0, 0, 0, 0, 0, 0, 0, 0
ch149, 20, 20, 20, 20, 20, 20, 20, 20
ch151, 20, 20, 20, 20, 20, 20, 20, 20
ch153, 20, 20, 20, 20, 20, 20, 20, 20
ch155, 20, 20, 20, 20, 20, 20, 20, 20
ch157, 20, 20, 20, 20, 20, 20, 20, 20
ch159, 20, 20, 20, 20, 20, 20, 20, 20
ch161, 20, 20, 20, 20, 20, 20, 20, 20
ch165, 20, 20, 20, 20, 20, 20, 20, 20
</ht20>

<ht40, m0, m1, m2, m3, m4, m5, m6, m7, m32>
ch038, 20, 20, 20, 20, 20, 20, 20, 20, 0
ch042, 20, 20, 20, 20, 20, 20, 20, 20, 0
ch046, 20, 20, 20, 20, 20, 20, 20, 20, 0
ch050, 20, 20, 20, 20, 20, 20, 20, 20, 0
ch054, 20, 20, 20, 20, 20, 20, 20, 20, 0
ch058, 20, 20, 20, 20, 20, 20, 20, 20, 0
ch062, 20, 20, 20, 20, 20, 20, 20, 20, 0
ch102, 0, 0, 0, 0, 0, 0, 0, 0, 0
ch106, 0, 0, 0, 0, 0, 0, 0, 0, 0
ch110, 0, 0, 0, 0, 0, 0, 0, 0, 0
ch114, 0, 0, 0, 0, 0, 0, 0, 0, 0
ch118, 0, 0, 0, 0, 0, 0, 0, 0, 0
ch122, 0, 0, 0, 0, 0, 0, 0, 0, 0
ch126, 0, 0, 0, 0, 0, 0, 0, 0, 0
ch134, 0, 0, 0, 0, 0, 0, 0, 0, 0
ch138, 0, 0, 0, 0, 0, 0, 0, 0, 0
ch142, 0, 0, 0, 0, 0, 0, 0, 0, 0
ch151, 20, 20, 20, 20, 20, 20, 20, 20, 0
ch155, 20, 20, 20, 20, 20, 20, 20, 20, 0
ch159, 20, 20, 20, 20, 20, 20, 20, 20, 0
</ht40>

<vht20, m0, m1, m2, m3, m4, m5, m6, m7, m8, m9>
ch001, 9, 9, 9, 9, 9, 9, 9, 9, 9, 0
ch002, 9, 9, 9, 9, 9, 9, 9, 9, 9, 0
ch003, 9, 9, 9, 9, 9, 9, 9, 9, 9, 0
ch004, 9, 9, 9, 9, 9, 9, 9, 9, 9, 0
ch005, 9, 9, 9, 9, 9, 9, 9, 9, 9, 0
ch006, 9, 9, 9, 9, 9, 9, 9, 9, 9, 0
ch007, 9, 9, 9, 9, 9, 9, 9, 9, 9, 0
ch008, 9, 9, 9, 9, 9, 9, 9, 9, 9, 0
ch009, 9, 9, 9, 9, 9, 9, 9, 9, 9, 0
ch010, 9, 9, 9, 9, 9, 9, 9, 9, 9, 0
ch011, 9, 9, 9, 9, 9, 9, 9, 9, 9, 0
ch012, 9, 9, 9, 9, 9, 9, 9, 9, 9, 0
ch013, 9, 9, 9, 9, 9, 9, 9, 9, 9, 0
ch014, 0, 0, 0, 0, 0, 0, 0, 0, 0, 0
ch036, 18, 18, 18, 18, 18, 18, 18, 18, 18, 0
ch038, 18, 18, 18, 18, 18, 18, 18, 18, 18, 0
ch040, 18, 18, 18, 18, 18, 18, 18, 18, 18, 0
ch042, 16, 16, 16, 16, 16, 16, 16, 16, 16, 0
ch044, 18, 18, 18, 18, 18, 18, 18, 18, 18, 0
ch046, 16, 16, 16, 16, 16, 16, 16, 16, 16, 0
ch048, 16, 16, 16, 16, 16, 16, 16, 16, 16, 0
ch050, 16, 16, 16, 16, 16, 16, 16, 16, 16, 0
ch052, 18, 18, 18, 18, 18, 18, 18, 18, 18, 0
ch054, 18, 18, 18, 18, 18, 18, 18, 18, 18, 0
ch056, 18, 18, 18, 18, 18, 18, 18, 18, 18, 0
ch058, 18, 18, 18, 18, 18, 18, 18, 18, 18, 0
ch060, 20, 20, 20, 20, 20, 20, 20, 20, 20, 0
ch062, 20, 20, 20, 20, 20, 20, 20, 20, 20, 0
ch064, 20, 20, 20, 20, 20, 20, 20, 20, 20, 0
ch100, 0, 0, 0, 0, 0, 0, 0, 0, 0, 0
ch102, 0, 0, 0, 0, 0, 0, 0, 0, 0, 0
ch104, 0, 0, 0, 0, 0, 0, 0, 0, 0, 0
ch106, 0, 0, 0, 0, 0, 0, 0, 0, 0, 0
ch108, 0, 0, 0, 0, 0, 0, 0, 0, 0, 0
ch110, 0, 0, 0, 0, 0, 0, 0, 0, 0, 0
ch112, 0, 0, 0, 0, 0, 0, 0, 0, 0, 0
ch114, 0, 0, 0, 0, 0, 0, 0, 0, 0, 0
ch116, 0, 0, 0, 0, 0, 0, 0, 0, 0, 0
ch118, 0, 0, 0, 0, 0, 0, 0, 0, 0, 0
ch120, 0, 0, 0, 0, 0, 0, 0, 0, 0, 0
ch122, 0, 0, 0, 0, 0, 0, 0, 0, 0, 0
ch124, 0, 0, 0, 0, 0, 0, 0, 0, 0, 0
ch126, 0, 0, 0, 0, 0, 0, 0, 0, 0, 0
ch128, 0, 0, 0, 0, 0, 0, 0, 0, 0, 0
ch132, 0, 0, 0, 0, 0, 0, 0, 0, 0, 0
ch134, 0, 0, 0, 0, 0, 0, 0, 0, 0, 0
ch136, 0, 0, 0, 0, 0, 0, 0, 0, 0, 0
ch138, 0, 0, 0, 0, 0, 0, 0, 0, 0, 0
ch140, 0, 0, 0, 0, 0, 0, 0, 0, 0, 0
ch142, 0, 0, 0, 0, 0, 0, 0, 0, 0, 0
ch144, 0, 0, 0, 0, 0, 0, 0, 0, 0, 0
ch149, 20, 20, 20, 20, 20, 20, 20, 20, 20, 0
ch151, 20, 20, 20, 20, 20, 20, 20, 20, 20, 0
ch153, 20, 20, 20, 20, 20, 20, 20, 20, 20, 0
ch155, 20, 20, 20, 20, 20, 20, 20, 20, 20, 0
ch157, 20, 20, 20, 20, 20, 20, 20, 20, 20, 0
ch159, 20, 20, 20, 20, 20, 20, 20, 20, 20, 0
ch161, 20, 20, 20, 20, 20, 20, 20, 20, 20, 0
ch165, 20, 20, 20, 20, 20, 20, 20, 20, 20, 0
</vht20>

<vht40, m0, m1, m2, m3, m4, m5, m6, m7, m8, m9>
ch038, 20, 20, 20, 20, 20, 20, 20, 20, 20, 20
ch042, 20, 20, 20, 20, 20, 20, 20, 20, 20, 20
ch046, 20, 20, 20, 20, 20, 20, 20, 20, 20, 20
ch050, 20, 20, 20, 20, 20, 20, 20, 20, 20, 20
ch054, 20, 20, 20, 20, 20, 20, 20, 20, 20, 20
ch058, 20, 20, 20, 20, 20, 20, 20, 20, 20, 20
ch062, 20, 20, 20, 20, 20, 20, 20, 20, 20, 20
ch102, 0, 0, 0, 0, 0, 0, 0, 0, 0, 0
ch106, 0, 0, 0, 0, 0, 0, 0, 0, 0, 0
ch110, 0, 0, 0, 0, 0, 0, 0, 0, 0, 0
ch114, 0, 0, 0, 0, 0, 0, 0, 0, 0, 0
ch118, 0, 0, 0, 0, 0, 0, 0, 0, 0, 0
ch122, 0, 0, 0, 0, 0, 0, 0, 0, 0, 0
ch126, 0, 0, 0, 0, 0, 0, 0, 0, 0, 0
ch134, 0, 0, 0, 0, 0, 0, 0, 0, 0, 0
ch138, 0, 0, 0, 0, 0, 0, 0, 0, 0, 0
ch142, 0, 0, 0, 0, 0, 0, 0, 0, 0, 0
ch151, 20, 20, 20, 20, 20, 20, 20, 20, 20, 20
ch155, 20, 20, 20, 20, 20, 20, 20, 20, 20, 20
ch159, 20, 20, 20, 20, 20, 20, 20, 20, 20, 20
</vht40>

<vht80, m0, m1, m2, m3, m4, m5, m6, m7, m8, m9>
ch042, 20, 20, 20, 20, 20, 20, 20, 20, 20, 20
ch050, 20, 20, 20, 20, 20, 20, 20, 20, 20, 20
ch058, 20, 20, 20, 20, 20, 20, 20, 20, 20, 20
ch106, 0, 0, 0, 0, 0, 0, 0, 0, 0, 0
ch114, 0, 0, 0, 0, 0, 0, 0, 0, 0, 0
ch122, 0, 0, 0, 0, 0, 0, 0, 0, 0, 0
ch138, 0, 0, 0, 0, 0, 0, 0, 0, 0, 0
ch155, 20, 20, 20, 20, 20, 20, 20, 20, 20, 20
</vht80>

<ru26, m0, m1, m2, m3, m4, m5, m6, m7, m8, m9, m10, m11>
ch001, 9, 9, 9, 9, 9, 9, 9, 9, 9, 9, 9, 9
ch002, 9, 9, 9, 9, 9, 9, 9, 9, 9, 9, 9, 9
ch003, 9, 9, 9, 9, 9, 9, 9, 9, 9, 9, 9, 9
ch004, 9, 9, 9, 9, 9, 9, 9, 9, 9, 9, 9, 9
ch005, 9, 9, 9, 9, 9, 9, 9, 9, 9, 9, 9, 9
ch006, 9, 9, 9, 9, 9, 9, 9, 9, 9, 9, 9, 9
ch007, 9, 9, 9, 9, 9, 9, 9, 9, 9, 9, 9, 9
ch008, 9, 9, 9, 9, 9, 9, 9, 9, 9, 9, 9, 9
ch009, 9, 9, 9, 9, 9, 9, 9, 9, 9, 9, 9, 9
ch010, 9, 9, 9, 9, 9, 9, 9, 9, 9, 9, 9, 9
ch011, 9, 9, 9, 9, 9, 9, 9, 9, 9, 9, 9, 9
ch012, 9, 9, 9, 9, 9, 9, 9, 9, 9, 9, 9, 9
ch013, 9, 9, 9, 9, 9, 9, 9, 9, 9, 9, 9, 9
ch014, 0, 0, 0, 0, 0, 0, 0, 0, 0, 0, 0, 0
ch036, 18, 18, 18, 18, 18, 18, 18, 18, 18, 18, 18, 18
ch038, 18, 18, 18, 18, 18, 18, 18, 18, 18, 18, 18, 18
ch040, 18, 18, 18, 18, 18, 18, 18, 18, 18, 18, 18, 18
ch042, 18, 18, 18, 18, 18, 18, 18, 18, 18, 18, 18, 18
ch044, 18, 18, 18, 18, 18, 18, 18, 18, 18, 18, 18, 18
ch046, 18, 18, 18, 18, 18, 18, 18, 18, 18, 18, 18, 18
ch048, 18, 18, 18, 18, 18, 18, 18, 18, 18, 18, 18, 18
ch050, 18, 18, 18, 18, 18, 18, 18, 18, 18, 18, 18, 18
ch052, 18, 18, 18, 18, 18, 18, 18, 18, 18, 18, 18, 18
ch054, 18, 18, 18, 18, 18, 18, 18, 18, 18, 18, 18, 18
ch056, 18, 18, 18, 18, 18, 18, 18, 18, 18, 18, 18, 18
ch058, 18, 18, 18, 18, 18, 18, 18, 18, 18, 18, 18, 18
ch060, 20, 20, 20, 20, 20, 20, 20, 20, 20, 20, 20, 20
ch062, 20, 20, 20, 20, 20, 20, 20, 20, 20, 20, 20, 20
ch064, 20, 20, 20, 20, 20, 20, 20, 20, 20, 20, 20, 20
ch100, 0, 0, 0, 0, 0, 0, 0, 0, 0, 0, 0, 0
ch102, 0, 0, 0, 0, 0, 0, 0, 0, 0, 0, 0, 0
ch104, 0, 0, 0, 0, 0, 0, 0, 0, 0, 0, 0, 0
ch106, 0, 0, 0, 0, 0, 0, 0, 0, 0, 0, 0, 0
ch108, 0, 0, 0, 0, 0, 0, 0, 0, 0, 0, 0, 0
ch110, 0, 0, 0, 0, 0, 0, 0, 0, 0, 0, 0, 0
ch112, 0, 0, 0, 0, 0, 0, 0, 0, 0, 0, 0, 0
ch114, 0, 0, 0, 0, 0, 0, 0, 0, 0, 0, 0, 0
ch116, 0, 0, 0, 0, 0, 0, 0, 0, 0, 0, 0, 0
ch118, 0, 0, 0, 0, 0, 0, 0, 0, 0, 0, 0, 0
ch120, 0, 0, 0, 0, 0, 0, 0, 0, 0, 0, 0, 0
ch122, 0, 0, 0, 0, 0, 0, 0, 0, 0, 0, 0, 0
ch124, 0, 0, 0, 0, 0, 0, 0, 0, 0, 0, 0, 0
ch126, 0, 0, 0, 0, 0, 0, 0, 0, 0, 0, 0, 0
ch128, 0, 0, 0, 0, 0, 0, 0, 0, 0, 0, 0, 0
ch132, 0, 0, 0, 0, 0, 0, 0, 0, 0, 0, 0, 0
ch134, 0, 0, 0, 0, 0, 0, 0, 0, 0, 0, 0, 0
ch136, 0, 0, 0, 0, 0, 0, 0, 0, 0, 0, 0, 0
ch138, 0, 0, 0, 0, 0, 0, 0, 0, 0, 0, 0, 0
ch140, 0, 0, 0, 0, 0, 0, 0, 0, 0, 0, 0, 0
ch142, 0, 0, 0, 0, 0, 0, 0, 0, 0, 0, 0, 0
ch144, 0, 0, 0, 0, 0, 0, 0, 0, 0, 0, 0, 0
ch149, 20, 20, 20, 20, 20, 20, 20, 20, 20, 20, 20, 20
ch151, 20, 20, 20, 20, 20, 20, 20, 20, 20, 20, 20, 20
ch153, 20, 20, 20, 20, 20, 20, 20, 20, 20, 20, 20, 20
ch155, 20, 20, 20, 20, 20, 20, 20, 20, 20, 20, 20, 20
ch157, 20, 20, 20, 20, 20, 20, 20, 20, 20, 20, 20, 20
ch159, 20, 20, 20, 20, 20, 20, 20, 20, 20, 20, 20, 20
ch161, 20, 20, 20, 20, 20, 20, 20, 20, 20, 20, 20, 20
ch165, 20, 20, 20, 20, 20, 20, 20, 20, 20, 20, 20, 20
</ru26>

<ru52, m0, m1, m2, m3, m4, m5, m6, m7, m8, m9, m10, m11>
ch001, 9, 9, 9, 9, 9, 9, 9, 9, 9, 9, 9, 9
ch002, 9, 9, 9, 9, 9, 9, 9, 9, 9, 9, 9, 9
ch003, 9, 9, 9, 9, 9, 9, 9, 9, 9, 9, 9, 9
ch004, 9, 9, 9, 9, 9, 9, 9, 9, 9, 9, 9, 9
ch005, 9, 9, 9, 9, 9, 9, 9, 9, 9, 9, 9, 9
ch006, 9, 9, 9, 9, 9, 9, 9, 9, 9, 9, 9, 9
ch007, 9, 9, 9, 9, 9, 9, 9, 9, 9, 9, 9, 9
ch008, 9, 9, 9, 9, 9, 9, 9, 9, 9, 9, 9, 9
ch009, 9, 9, 9, 9, 9, 9, 9, 9, 9, 9, 9, 9
ch010, 9, 9, 9, 9, 9, 9, 9, 9, 9, 9, 9, 9
ch011, 9, 9, 9, 9, 9, 9, 9, 9, 9, 9, 9, 9
ch012, 9, 9, 9, 9, 9, 9, 9, 9, 9, 9, 9, 9
ch013, 9, 9, 9, 9, 9, 9, 9, 9, 9, 9, 9, 9
ch014, 0, 0, 0, 0, 0, 0, 0, 0, 0, 0, 0, 0
ch036, 18, 18, 18, 18, 18, 18, 18, 18, 18, 18, 18, 18
ch038, 18, 18, 18, 18, 18, 18, 18, 18, 18, 18, 18, 18
ch040, 18, 18, 18, 18, 18, 18, 18, 18, 18, 18, 18, 18
ch042, 18, 18, 18, 18, 18, 18, 18, 18, 18, 18, 18, 18
ch044, 18, 18, 18, 18, 18, 18, 18, 18, 18, 18, 18, 18
ch046, 18, 18, 18, 18, 18, 18, 18, 18, 18, 18, 18, 18
ch048, 18, 18, 18, 18, 18, 18, 18, 18, 18, 18, 18, 18
ch050, 18, 18, 18, 18, 18, 18, 18, 18, 18, 18, 18, 18
ch052, 18, 18, 18, 18, 18, 18, 18, 18, 18, 18, 18, 18
ch054, 18, 18, 18, 18, 18, 18, 18, 18, 18, 18, 18, 18
ch056, 18, 18, 18, 18, 18, 18, 18, 18, 18, 18, 18, 18
ch058, 18, 18, 18, 18, 18, 18, 18, 18, 18, 18, 18, 18
ch060, 20, 20, 20, 20, 20, 20, 20, 20, 20, 20, 20, 20
ch062, 20, 20, 20, 20, 20, 20, 20, 20, 20, 20, 20, 20
ch064, 20, 20, 20, 20, 20, 20, 20, 20, 20, 20, 20, 20
ch100, 0, 0, 0, 0, 0, 0, 0, 0, 0, 0, 0, 0
ch102, 0, 0, 0, 0, 0, 0, 0, 0, 0, 0, 0, 0
ch104, 0, 0, 0, 0, 0, 0, 0, 0, 0, 0, 0, 0
ch106, 0, 0, 0, 0, 0, 0, 0, 0, 0, 0, 0, 0
ch108, 0, 0, 0, 0, 0, 0, 0, 0, 0, 0, 0, 0
ch110, 0, 0, 0, 0, 0, 0, 0, 0, 0, 0, 0, 0
ch112, 0, 0, 0, 0, 0, 0, 0, 0, 0, 0, 0, 0
ch114, 0, 0, 0, 0, 0, 0, 0, 0, 0, 0, 0, 0
ch116, 0, 0, 0, 0, 0, 0, 0, 0, 0, 0, 0, 0
ch118, 0, 0, 0, 0, 0, 0, 0, 0, 0, 0, 0, 0
ch120, 0, 0, 0, 0, 0, 0, 0, 0, 0, 0, 0, 0
ch122, 0, 0, 0, 0, 0, 0, 0, 0, 0, 0, 0, 0
ch124, 0, 0, 0, 0, 0, 0, 0, 0, 0, 0, 0, 0
ch126, 0, 0, 0, 0, 0, 0, 0, 0, 0, 0, 0, 0
ch128, 0, 0, 0, 0, 0, 0, 0, 0, 0, 0, 0, 0
ch132, 0, 0, 0, 0, 0, 0, 0, 0, 0, 0, 0, 0
ch134, 0, 0, 0, 0, 0, 0, 0, 0, 0, 0, 0, 0
ch136, 0, 0, 0, 0, 0, 0, 0, 0, 0, 0, 0, 0
ch138, 0, 0, 0, 0, 0, 0, 0, 0, 0, 0, 0, 0
ch140, 0, 0, 0, 0, 0, 0, 0, 0, 0, 0, 0, 0
ch142, 0, 0, 0, 0, 0, 0, 0, 0, 0, 0, 0, 0
ch144, 0, 0, 0, 0, 0, 0, 0, 0, 0, 0, 0, 0
ch149, 20, 20, 20, 20, 20, 20, 20, 20, 20, 20, 20, 20
ch151, 20, 20, 20, 20, 20, 20, 20, 20, 20, 20, 20, 20
ch153, 20, 20, 20, 20, 20, 20, 20, 20, 20, 20, 20, 20
ch155, 20, 20, 20, 20, 20, 20, 20, 20, 20, 20, 20, 20
ch157, 20, 20, 20, 20, 20, 20, 20, 20, 20, 20, 20, 20
ch159, 20, 20, 20, 20, 20, 20, 20, 20, 20, 20, 20, 20
ch161, 20, 20, 20, 20, 20, 20, 20, 20, 20, 20, 20, 20
ch165, 20, 20, 20, 20, 20, 20, 20, 20, 20, 20, 20, 20
</ru52>

<ru106, m0, m1, m2, m3, m4, m5, m6, m7, m8, m9, m10, m11>
ch001, 9, 9, 9, 9, 9, 9, 9, 9, 9, 9, 9, 9
ch002, 9, 9, 9, 9, 9, 9, 9, 9, 9, 9, 9, 9
ch003, 9, 9, 9, 9, 9, 9, 9, 9, 9, 9, 9, 9
ch004, 9, 9, 9, 9, 9, 9, 9, 9, 9, 9, 9, 9
ch005, 9, 9, 9, 9, 9, 9, 9, 9, 9, 9, 9, 9
ch006, 9, 9, 9, 9, 9, 9, 9, 9, 9, 9, 9, 9
ch007, 9, 9, 9, 9, 9, 9, 9, 9, 9, 9, 9, 9
ch008, 9, 9, 9, 9, 9, 9, 9, 9, 9, 9, 9, 9
ch009, 9, 9, 9, 9, 9, 9, 9, 9, 9, 9, 9, 9
ch010, 9, 9, 9, 9, 9, 9, 9, 9, 9, 9, 9, 9
ch011, 9, 9, 9, 9, 9, 9, 9, 9, 9, 9, 9, 9
ch012, 9, 9, 9, 9, 9, 9, 9, 9, 9, 9, 9, 9
ch013, 9, 9, 9, 9, 9, 9, 9, 9, 9, 9, 9, 9
ch014, 0, 0, 0, 0, 0, 0, 0, 0, 0, 0, 0, 0
ch036, 18, 18, 18, 18, 18, 18, 18, 18, 18, 18, 18, 18
ch038, 18, 18, 18, 18, 18, 18, 18, 18, 18, 18, 18, 18
ch040, 18, 18, 18, 18, 18, 18, 18, 18, 18, 18, 18, 18
ch042, 18, 18, 18, 18, 18, 18, 18, 18, 18, 18, 18, 18
ch044, 18, 18, 18, 18, 18, 18, 18, 18, 18, 18, 18, 18
ch046, 18, 18, 18, 18, 18, 18, 18, 18, 18, 18, 18, 18
ch048, 18, 18, 18, 18, 18, 18, 18, 18, 18, 18, 18, 18
ch050, 18, 18, 18, 18, 18, 18, 18, 18, 18, 18, 18, 18
ch052, 18, 18, 18, 18, 18, 18, 18, 18, 18, 18, 18, 18
ch054, 18, 18, 18, 18, 18, 18, 18, 18, 18, 18, 18, 18
ch056, 18, 18, 18, 18, 18, 18, 18, 18, 18, 18, 18, 18
ch058, 18, 18, 18, 18, 18, 18, 18, 18, 18, 18, 18, 18
ch060, 20, 20, 20, 20, 20, 20, 20, 20, 20, 20, 20, 20
ch062, 20, 20, 20, 20, 20, 20, 20, 20, 20, 20, 20, 20
ch064, 20, 20, 20, 20, 20, 20, 20, 20, 20, 20, 20, 20
ch100, 0, 0, 0, 0, 0, 0, 0, 0, 0, 0, 0, 0
ch102, 0, 0, 0, 0, 0, 0, 0, 0, 0, 0, 0, 0
ch104, 0, 0, 0, 0, 0, 0, 0, 0, 0, 0, 0, 0
ch106, 0, 0, 0, 0, 0, 0, 0, 0, 0, 0, 0, 0
ch108, 0, 0, 0, 0, 0, 0, 0, 0, 0, 0, 0, 0
ch110, 0, 0, 0, 0, 0, 0, 0, 0, 0, 0, 0, 0
ch112, 0, 0, 0, 0, 0, 0, 0, 0, 0, 0, 0, 0
ch114, 0, 0, 0, 0, 0, 0, 0, 0, 0, 0, 0, 0
ch116, 0, 0, 0, 0, 0, 0, 0, 0, 0, 0, 0, 0
ch118, 0, 0, 0, 0, 0, 0, 0, 0, 0, 0, 0, 0
ch120, 0, 0, 0, 0, 0, 0, 0, 0, 0, 0, 0, 0
ch122, 0, 0, 0, 0, 0, 0, 0, 0, 0, 0, 0, 0
ch124, 0, 0, 0, 0, 0, 0, 0, 0, 0, 0, 0, 0
ch126, 0, 0, 0, 0, 0, 0, 0, 0, 0, 0, 0, 0
ch128, 0, 0, 0, 0, 0, 0, 0, 0, 0, 0, 0, 0
ch132, 0, 0, 0, 0, 0, 0, 0, 0, 0, 0, 0, 0
ch134, 0, 0, 0, 0, 0, 0, 0, 0, 0, 0, 0, 0
ch136, 0, 0, 0, 0, 0, 0, 0, 0, 0, 0, 0, 0
ch138, 0, 0, 0, 0, 0, 0, 0, 0, 0, 0, 0, 0
ch140, 0, 0, 0, 0, 0, 0, 0, 0, 0, 0, 0, 0
ch142, 0, 0, 0, 0, 0, 0, 0, 0, 0, 0, 0, 0
ch144, 0, 0, 0, 0, 0, 0, 0, 0, 0, 0, 0, 0
ch149, 20, 20, 20, 20, 20, 20, 20, 20, 20, 20, 20, 20
ch151, 20, 20, 20, 20, 20, 20, 20, 20, 20, 20, 20, 20
ch153, 20, 20, 20, 20, 20, 20, 20, 20, 20, 20, 20, 20
ch155, 20, 20, 20, 20, 20, 20, 20, 20, 20, 20, 20, 20
ch157, 20, 20, 20, 20, 20, 20, 20, 20, 20, 20, 20, 20
ch159, 20, 20, 20, 20, 20, 20, 20, 20, 20, 20, 20, 20
ch161, 20, 20, 20, 20, 20, 20, 20, 20, 20, 20, 20, 20
ch165, 20, 20, 20, 20, 20, 20, 20, 20, 20, 20, 20, 20
</ru106>

<ru242, m0, m1, m2, m3, m4, m5, m6, m7, m8, m9, m10, m11>
ch001, 9, 9, 9, 9, 9, 9, 9, 9, 9, 9, 9, 9
ch002, 9, 9, 9, 9, 9, 9, 9, 9, 9, 9, 9, 9
ch003, 9, 9, 9, 9, 9, 9, 9, 9, 9, 9, 9, 9
ch004, 9, 9, 9, 9, 9, 9, 9, 9, 9, 9, 9, 9
ch005, 9, 9, 9, 9, 9, 9, 9, 9, 9, 9, 9, 9
ch006, 9, 9, 9, 9, 9, 9, 9, 9, 9, 9, 9, 9
ch007, 9, 9, 9, 9, 9, 9, 9, 9, 9, 9, 9, 9
ch008, 9, 9, 9, 9, 9, 9, 9, 9, 9, 9, 9, 9
ch009, 9, 9, 9, 9, 9, 9, 9, 9, 9, 9, 9, 9
ch010, 9, 9, 9, 9, 9, 9, 9, 9, 9, 9, 9, 9
ch011, 9, 9, 9, 9, 9, 9, 9, 9, 9, 9, 9, 9
ch012, 9, 9, 9, 9, 9, 9, 9, 9, 9, 9, 9, 9
ch013, 9, 9, 9, 9, 9, 9, 9, 9, 9, 9, 9, 9
ch014, 0, 0, 0, 0, 0, 0, 0, 0, 0, 0, 0, 0
ch036, 18, 18, 18, 18, 18, 18, 18, 18, 18, 18, 18, 18
ch038, 18, 18, 18, 18, 18, 18, 18, 18, 18, 18, 18, 18
ch040, 18, 18, 18, 18, 18, 18, 18, 18, 18, 18, 18, 18
ch042, 18, 18, 18, 18, 18, 18, 18, 18, 18, 18, 18, 18
ch044, 18, 18, 18, 18, 18, 18, 18, 18, 18, 18, 18, 18
ch046, 18, 18, 18, 18, 18, 18, 18, 18, 18, 18, 18, 18
ch048, 18, 18, 18, 18, 18, 18, 18, 18, 18, 18, 18, 18
ch050, 18, 18, 18, 18, 18, 18, 18, 18, 18, 18, 18, 18
ch052, 18, 18, 18, 18, 18, 18, 18, 18, 18, 18, 18, 18
ch054, 18, 18, 18, 18, 18, 18, 18, 18, 18, 18, 18, 18
ch056, 18, 18, 18, 18, 18, 18, 18, 18, 18, 18, 18, 18
ch058, 18, 18, 18, 18, 18, 18, 18, 18, 18, 18, 18, 18
ch060, 20, 20, 20, 20, 20, 20, 20, 20, 20, 20, 20, 20
ch062, 20, 20, 20, 20, 20, 20, 20, 20, 20, 20, 20, 20
ch064, 20, 20, 20, 20, 20, 20, 20, 20, 20, 20, 20, 20
ch100, 0, 0, 0, 0, 0, 0, 0, 0, 0, 0, 0, 0
ch102, 0, 0, 0, 0, 0, 0, 0, 0, 0, 0, 0, 0
ch104, 0, 0, 0, 0, 0, 0, 0, 0, 0, 0, 0, 0
ch106, 0, 0, 0, 0, 0, 0, 0, 0, 0, 0, 0, 0
ch108, 0, 0, 0, 0, 0, 0, 0, 0, 0, 0, 0, 0
ch110, 0, 0, 0, 0, 0, 0, 0, 0, 0, 0, 0, 0
ch112, 0, 0, 0, 0, 0, 0, 0, 0, 0, 0, 0, 0
ch114, 0, 0, 0, 0, 0, 0, 0, 0, 0, 0, 0, 0
ch116, 0, 0, 0, 0, 0, 0, 0, 0, 0, 0, 0, 0
ch118, 0, 0, 0, 0, 0, 0, 0, 0, 0, 0, 0, 0
ch120, 0, 0, 0, 0, 0, 0, 0, 0, 0, 0, 0, 0
ch122, 0, 0, 0, 0, 0, 0, 0, 0, 0, 0, 0, 0
ch124, 0, 0, 0, 0, 0, 0, 0, 0, 0, 0, 0, 0
ch126, 0, 0, 0, 0, 0, 0, 0, 0, 0, 0, 0, 0
ch128, 0, 0, 0, 0, 0, 0, 0, 0, 0, 0, 0, 0
ch132, 0, 0, 0, 0, 0, 0, 0, 0, 0, 0, 0, 0
ch134, 0, 0, 0, 0, 0, 0, 0, 0, 0, 0, 0, 0
ch136, 0, 0, 0, 0, 0, 0, 0, 0, 0, 0, 0, 0
ch138, 0, 0, 0, 0, 0, 0, 0, 0, 0, 0, 0, 0
ch140, 0, 0, 0, 0, 0, 0, 0, 0, 0, 0, 0, 0
ch142, 0, 0, 0, 0, 0, 0, 0, 0, 0, 0, 0, 0
ch144, 0, 0, 0, 0, 0, 0, 0, 0, 0, 0, 0, 0
ch149, 20, 20, 20, 20, 20, 20, 20, 20, 20, 20, 20, 20
ch151, 20, 20, 20, 20, 20, 20, 20, 20, 20, 20, 20, 20
ch153, 20, 20, 20, 20, 20, 20, 20, 20, 20, 20, 20, 20
ch155, 20, 20, 20, 20, 20, 20, 20, 20, 20, 20, 20, 20
ch157, 20, 20, 20, 20, 20, 20, 20, 20, 20, 20, 20, 20
ch159, 20, 20, 20, 20, 20, 20, 20, 20, 20, 20, 20, 20
ch161, 20, 20, 20, 20, 20, 20, 20, 20, 20, 20, 20, 20
ch165, 20, 20, 20, 20, 20, 20, 20, 20, 20, 20, 20, 20
</ru242>

<ru484, m0, m1, m2, m3, m4, m5, m6, m7, m8, m9, m10, m11>
ch038, 20, 20, 20, 20, 20, 20, 20, 20, 20, 20, 20, 20
ch042, 20, 20, 20, 20, 20, 20, 20, 20, 20, 20, 20, 20
ch046, 20, 20, 20, 20, 20, 20, 20, 20, 20, 20, 20, 20
ch050, 20, 20, 20, 20, 20, 20, 20, 20, 20, 20, 20, 20
ch054, 20, 20, 20, 20, 20, 20, 20, 20, 20, 20, 20, 20
ch058, 20, 20, 20, 20, 20, 20, 20, 20, 20, 20, 20, 20
ch062, 20, 20, 20, 20, 20, 20, 20, 20, 20, 20, 20, 20
ch102, 0, 0, 0, 0, 0, 0, 0, 0, 0, 0, 0, 0
ch106, 0, 0, 0, 0, 0, 0, 0, 0, 0, 0, 0, 0
ch110, 0, 0, 0, 0, 0, 0, 0, 0, 0, 0, 0, 0
ch114, 0, 0, 0, 0, 0, 0, 0, 0, 0, 0, 0, 0
ch118, 0, 0, 0, 0, 0, 0, 0, 0, 0, 0, 0, 0
ch122, 0, 0, 0, 0, 0, 0, 0, 0, 0, 0, 0, 0
ch126, 0, 0, 0, 0, 0, 0, 0, 0, 0, 0, 0, 0
ch134, 0, 0, 0, 0, 0, 0, 0, 0, 0, 0, 0, 0
ch138, 0, 0, 0, 0, 0, 0, 0, 0, 0, 0, 0, 0
ch142, 0, 0, 0, 0, 0, 0, 0, 0, 0, 0, 0, 0
ch151, 20, 20, 20, 20, 20, 20, 20, 20, 20, 20, 20, 20
ch155, 20, 20, 20, 20, 20, 20, 20, 20, 20, 20, 20, 20
ch159, 20, 20, 20, 20, 20, 20, 20, 20, 20, 20, 20, 20
</ru484>

<ru996, m0, m1, m2, m3, m4, m5, m6, m7, m8, m9, m10, m11>
ch042, 20, 20, 20, 20, 20, 20, 20, 20, 20, 20, 20, 20
ch050, 20, 20, 20, 20, 20, 20, 20, 20, 20, 20, 20, 20
ch058, 20, 20, 20, 20, 20, 20, 20, 20, 20, 20, 20, 20
ch106, 0, 0, 0, 0, 0, 0, 0, 0, 0, 0, 0, 0
ch114, 0, 0, 0, 0, 0, 0, 0, 0, 0, 0, 0, 0
ch122, 0, 0, 0, 0, 0, 0, 0, 0, 0, 0, 0, 0
ch138, 0, 0, 0, 0, 0, 0, 0, 0, 0, 0, 0, 0
ch155, 20, 20, 20, 20, 20, 20, 20, 20, 20, 20, 20, 20
</ru996>

[TW]
<cck, c1, c2, c5, c11>
ch001, 27, 27, 27, 27
ch002, 30, 30, 30, 30
ch003, 30, 30, 30, 30
ch004, 30, 30, 30, 30
ch005, 30, 30, 30, 30
ch006, 30, 30, 30, 30
ch007, 30, 30, 30, 30
ch008, 30, 30, 30, 30
ch009, 30, 30, 30, 30
ch010, 30, 30, 30, 30
ch011, 28, 28, 28, 28
ch012, 0, 0, 0, 0
ch013, 0, 0, 0, 0
ch014, 0, 0, 0, 0
</cck>

<ofdm, o6, o9, o12, o18, o24, o36, o48, o54>
ch001, 20, 20, 20, 20, 20, 20, 20, 20
ch002, 22, 22, 22, 22, 22, 22, 22, 22
ch003, 26, 26, 26, 26, 26, 26, 26, 26
ch004, 30, 30, 30, 30, 28, 28, 28, 28
ch005, 30, 30, 30, 30, 28, 28, 28, 28
ch006, 30, 30, 30, 30, 28, 28, 28, 28
ch007, 30, 30, 30, 30, 28, 28, 28, 28
ch008, 30, 30, 30, 30, 28, 28, 28, 28
ch009, 28, 28, 28, 28, 28, 28, 28, 28
ch010, 24, 24, 24, 24, 24, 24, 24, 24
ch011, 22, 22, 22, 22, 22, 22, 22, 22
ch012, 0, 0, 0, 0, 0, 0, 0, 0
ch013, 0, 0, 0, 0, 0, 0, 0, 0
ch014, 0, 0, 0, 0, 0, 0, 0, 0
ch036, 25, 25, 25, 25, 24, 24, 24, 24
ch038, 25, 25, 25, 25, 24, 24, 24, 24
ch040, 26, 26, 26, 26, 24, 24, 24, 24
ch042, 25, 25, 25, 25, 24, 24, 24, 24
ch044, 26, 26, 26, 26, 24, 24, 24, 24
ch046, 26, 26, 26, 26, 24, 24, 24, 24
ch048, 26, 26, 26, 26, 24, 24, 24, 24
ch050, 25, 25, 25, 25, 24, 24, 24, 24
ch052, 26, 26, 26, 26, 24, 24, 24, 24
ch054, 26, 26, 26, 26, 24, 24, 24, 24
ch056, 26, 26, 26, 26, 24, 24, 24, 24
ch058, 25, 25, 25, 25, 24, 24, 24, 24
ch060, 26, 26, 26, 26, 24, 24, 24, 24
ch062, 25, 25, 25, 25, 24, 24, 24, 24
ch064, 25, 25, 25, 25, 24, 24, 24, 24
ch100, 25, 25, 25, 25, 24, 24, 24, 24
ch102, 25, 25, 25, 25, 24, 24, 24, 24
ch104, 25, 25, 25, 25, 24, 24, 24, 24
ch106, 25, 25, 25, 25, 24, 24, 24, 24
ch108, 25, 25, 25, 25, 24, 24, 24, 24
ch110, 25, 25, 25, 25, 24, 24, 24, 24
ch112, 25, 25, 25, 25, 24, 24, 24, 24
ch114, 24, 24, 24, 24, 24, 24, 24, 24
ch116, 24, 24, 24, 24, 24, 24, 24, 24
ch118, 24, 24, 24, 24, 24, 24, 24, 24
ch120, 24, 24, 24, 24, 24, 24, 24, 24
ch122, 24, 24, 24, 24, 24, 24, 24, 24
ch124, 24, 24, 24, 24, 24, 24, 24, 24
ch126, 24, 24, 24, 24, 24, 24, 24, 24
ch128, 24, 24, 24, 24, 24, 24, 24, 24
ch132, 24, 24, 24, 24, 24, 24, 24, 24
ch134, 24, 24, 24, 24, 24, 24, 24, 24
ch136, 24, 24, 24, 24, 24, 24, 24, 24
ch138, 24, 24, 24, 24, 24, 24, 24, 24
ch140, 25, 25, 25, 25, 24, 24, 24, 24
ch142, 25, 25, 25, 25, 24, 24, 24, 24
ch144, 25, 25, 25, 25, 24, 24, 24, 24
ch149, 26, 26, 26, 26, 24, 24, 24, 24
ch151, 26, 26, 26, 26, 24, 24, 24, 24
ch153, 26, 26, 26, 26, 24, 24, 24, 24
ch155, 26, 26, 26, 26, 24, 24, 24, 24
ch157, 26, 26, 26, 26, 24, 24, 24, 24
ch159, 26, 26, 26, 26, 24, 24, 24, 24
ch161, 26, 26, 26, 26, 24, 24, 24, 24
ch165, 26, 26, 26, 26, 24, 24, 24, 24
</ofdm>

<ht20, m0, m1, m2, m3, m4, m5, m6, m7>
ch001, 18, 18, 18, 18, 18, 18, 18, 18
ch002, 20, 20, 20, 20, 20, 20, 20, 20
ch003, 24, 24, 24, 24, 24, 24, 24, 24
ch004, 30, 30, 30, 30, 30, 28, 28, 28
ch005, 30, 30, 30, 30, 30, 28, 28, 28
ch006, 30, 30, 30, 30, 30, 28, 28, 28
ch007, 30, 30, 30, 30, 30, 28, 28, 28
ch008, 30, 30, 30, 30, 30, 28, 28, 28
ch009, 27, 27, 27, 27, 27, 27, 27, 27
ch010, 23, 23, 23, 23, 23, 23, 23, 23
ch011, 21, 21, 21, 21, 21, 21, 21, 21
ch012, 0, 0, 0, 0, 0, 0, 0, 0
ch013, 0, 0, 0, 0, 0, 0, 0, 0
ch014, 0, 0, 0, 0, 0, 0, 0, 0
ch036, 26, 26, 26, 26, 26, 24, 24, 24
ch038, 26, 26, 26, 26, 26, 24, 24, 24
ch040, 26, 26, 26, 26, 26, 24, 24, 24
ch042, 26, 26, 26, 26, 26, 24, 24, 24
ch044, 26, 26, 26, 26, 26, 24, 24, 24
ch046, 26, 26, 26, 26, 26, 24, 24, 24
ch048, 26, 26, 26, 26, 26, 24, 24, 24
ch050, 25, 25, 25, 25, 25, 24, 24, 24
ch052, 26, 26, 26, 26, 26, 24, 24, 24
ch054, 26, 26, 26, 26, 26, 24, 24, 24
ch056, 26, 26, 26, 26, 26, 24, 24, 24
ch058, 25, 25, 25, 25, 25, 24, 24, 24
ch060, 26, 26, 26, 26, 26, 24, 24, 24
ch062, 25, 25, 25, 25, 25, 24, 24, 24
ch064, 25, 25, 25, 25, 25, 24, 24, 24
ch100, 25, 25, 25, 25, 25, 24, 24, 24
ch102, 25, 25, 25, 25, 25, 24, 24, 24
ch104, 25, 25, 25, 25, 25, 24, 24, 24
ch106, 25, 25, 25, 25, 25, 24, 24, 24
ch108, 25, 25, 25, 25, 25, 24, 24, 24
ch110, 25, 25, 25, 25, 25, 24, 24, 24
ch112, 25, 25, 25, 25, 25, 24, 24, 24
ch114, 25, 25, 25, 25, 25, 24, 24, 24
ch116, 26, 26, 26, 26, 26, 24, 24, 24
ch118, 26, 26, 26, 26, 26, 24, 24, 24
ch120, 26, 26, 26, 26, 26, 24, 24, 24
ch122, 26, 26, 26, 26, 26, 24, 24, 24
ch124, 26, 26, 26, 26, 26, 24, 24, 24
ch126, 26, 26, 26, 26, 26, 24, 24, 24
ch128, 26, 26, 26, 26, 26, 24, 24, 24
ch132, 26, 26, 26, 26, 26, 24, 24, 24
ch134, 26, 26, 26, 26, 26, 24, 24, 24
ch136, 26, 26, 26, 26, 26, 24, 24, 24
ch138, 22, 22, 22, 22, 22, 22, 22, 22
ch140, 22, 22, 22, 22, 22, 22, 22, 22
ch142, 22, 22, 22, 22, 22, 22, 22, 22
ch144, 26, 26, 26, 26, 26, 24, 24, 24
ch149, 26, 26, 26, 26, 26, 24, 24, 24
ch151, 26, 26, 26, 26, 26, 24, 24, 24
ch153, 26, 26, 26, 26, 26, 24, 24, 24
ch155, 26, 26, 26, 26, 26, 24, 24, 24
ch157, 26, 26, 26, 26, 26, 24, 24, 24
ch159, 26, 26, 26, 26, 26, 24, 24, 24
ch161, 26, 26, 26, 26, 26, 24, 24, 24
ch165, 26, 26, 26, 26, 26, 24, 24, 24
</ht20>

<ht40, m0, m1, m2, m3, m4, m5, m6, m7, m32>
ch038, 25, 25, 25, 25, 25, 24, 24, 24, 0
ch042, 25, 25, 25, 25, 25, 24, 24, 24, 0
ch046, 26, 26, 26, 26, 26, 24, 24, 24, 0
ch050, 25, 25, 25, 25, 25, 24, 24, 24, 0
ch054, 26, 26, 26, 26, 26, 24, 24, 24, 0
ch058, 26, 26, 26, 26, 26, 24, 24, 24, 0
ch062, 26, 26, 26, 26, 26, 24, 24, 24, 0
ch102, 22, 22, 22, 22, 22, 24, 24, 24, 0
ch106, 22, 22, 22, 22, 22, 22, 22, 22, 0
ch110, 26, 26, 26, 26, 26, 24, 24, 24, 0
ch114, 22, 22, 22, 22, 22, 22, 22, 22, 0
ch118, 26, 26, 26, 26, 26, 24, 24, 24, 0
ch122, 26, 26, 26, 26, 26, 24, 24, 24, 0
ch126, 26, 26, 26, 26, 26, 24, 24, 24, 0
ch134, 24, 24, 24, 24, 24, 24, 24, 24, 0
ch138, 24, 24, 24, 24, 24, 24, 24, 24, 0
ch142, 26, 26, 26, 26, 26, 24, 24, 24, 0
ch151, 26, 26, 26, 26, 26, 24, 24, 24, 0
ch155, 26, 26, 26, 26, 26, 24, 24, 24, 0
ch159, 26, 26, 26, 26, 26, 24, 24, 24, 0
</ht40>

<vht20, m0, m1, m2, m3, m4, m5, m6, m7, m8, m9>
ch001, 18, 18, 18, 18, 18, 18, 18, 18, 18, 0
ch002, 20, 20, 20, 20, 20, 20, 20, 20, 20, 0
ch003, 24, 24, 24, 24, 24, 24, 24, 24, 24, 0
ch004, 30, 30, 30, 30, 30, 28, 28, 28, 26, 0
ch005, 30, 30, 30, 30, 30, 28, 28, 28, 26, 0
ch006, 30, 30, 30, 30, 30, 28, 28, 28, 26, 0
ch007, 30, 30, 30, 30, 30, 28, 28, 28, 26, 0
ch008, 30, 30, 30, 30, 30, 28, 28, 28, 26, 0
ch009, 27, 27, 27, 27, 27, 27, 27, 27, 27, 0
ch010, 23, 23, 23, 23, 23, 23, 23, 23, 23, 0
ch011, 21, 21, 21, 21, 21, 21, 21, 21, 21, 0
ch012, 0, 0, 0, 0, 0, 0, 0, 0, 0, 0
ch013, 0, 0, 0, 0, 0, 0, 0, 0, 0, 0
ch014, 0, 0, 0, 0, 0, 0, 0, 0, 0, 0
ch036, 26, 26, 26, 26, 26, 24, 24, 24, 22, 0
ch038, 26, 26, 26, 26, 26, 24, 24, 24, 22, 0
ch040, 26, 26, 26, 26, 26, 24, 24, 24, 22, 0
ch042, 26, 26, 26, 26, 26, 24, 24, 24, 22, 0
ch044, 26, 26, 26, 26, 26, 24, 24, 24, 22, 0
ch046, 26, 26, 26, 26, 26, 24, 24, 24, 22, 0
ch048, 26, 26, 26, 26, 26, 24, 24, 24, 22, 0
ch050, 25, 25, 25, 25, 25, 24, 24, 24, 22, 0
ch052, 26, 26, 26, 26, 26, 24, 24, 24, 22, 0
ch054, 26, 26, 26, 26, 26, 24, 24, 24, 22, 0
ch056, 26, 26, 26, 26, 26, 24, 24, 24, 22, 0
ch058, 25, 25, 25, 25, 25, 24, 24, 24, 22, 0
ch060, 26, 26, 26, 26, 26, 24, 24, 24, 22, 0
ch062, 25, 25, 25, 25, 25, 24, 24, 24, 22, 0
ch064, 25, 25, 25, 25, 25, 24, 24, 24, 22, 0
ch100, 25, 25, 25, 25, 25, 24, 24, 24, 22, 0
ch102, 25, 25, 25, 25, 25, 24, 24, 24, 22, 0
ch104, 25, 25, 25, 25, 25, 24, 24, 24, 22, 0
ch106, 25, 25, 25, 25, 25, 24, 24, 24, 22, 0
ch108, 25, 25, 25, 25, 25, 24, 24, 24, 22, 0
ch110, 25, 25, 25, 25, 25, 24, 24, 24, 22, 0
ch112, 25, 25, 25, 25, 25, 24, 24, 24, 22, 0
ch114, 25, 25, 25, 25, 25, 24, 24, 24, 22, 0
ch116, 26, 26, 26, 26, 26, 24, 24, 24, 22, 0
ch118, 26, 26, 26, 26, 26, 24, 24, 24, 22, 0
ch120, 26, 26, 26, 26, 26, 24, 24, 24, 22, 0
ch122, 26, 26, 26, 26, 26, 24, 24, 24, 22, 0
ch124, 26, 26, 26, 26, 26, 24, 24, 24, 22, 0
ch126, 26, 26, 26, 26, 26, 24, 24, 24, 22, 0
ch128, 26, 26, 26, 26, 26, 24, 24, 24, 22, 0
ch132, 26, 26, 26, 26, 26, 24, 24, 24, 22, 0
ch134, 26, 26, 26, 26, 26, 24, 24, 24, 22, 0
ch136, 26, 26, 26, 26, 26, 24, 24, 24, 22, 0
ch138, 22, 22, 22, 22, 22, 22, 22, 22, 22, 0
ch140, 22, 22, 22, 22, 22, 22, 22, 22, 22, 0
ch142, 22, 22, 22, 22, 22, 22, 22, 22, 22, 0
ch144, 26, 26, 26, 26, 26, 24, 24, 24, 22, 0
ch149, 26, 26, 26, 26, 26, 24, 24, 24, 22, 0
ch151, 26, 26, 26, 26, 26, 24, 24, 24, 22, 0
ch153, 26, 26, 26, 26, 26, 24, 24, 24, 22, 0
ch155, 26, 26, 26, 26, 26, 24, 24, 24, 22, 0
ch157, 26, 26, 26, 26, 26, 24, 24, 24, 22, 0
ch159, 26, 26, 26, 26, 26, 24, 24, 24, 22, 0
ch161, 26, 26, 26, 26, 26, 24, 24, 24, 22, 0
ch165, 26, 26, 26, 26, 26, 24, 24, 24, 22, 0
</vht20>

<vht40, m0, m1, m2, m3, m4, m5, m6, m7, m8, m9>
ch038, 25, 25, 25, 25, 25, 24, 24, 24, 22, 22
ch042, 25, 25, 25, 25, 25, 24, 24, 24, 22, 22
ch046, 26, 26, 26, 26, 26, 24, 24, 24, 22, 22
ch050, 23, 23, 23, 23, 23, 23, 23, 23, 22, 22
ch054, 26, 26, 26, 26, 26, 24, 24, 24, 22, 22
ch058, 23, 23, 23, 23, 23, 23, 23, 23, 22, 22
ch062, 23, 23, 23, 23, 23, 23, 23, 23, 22, 22
ch102, 22, 22, 22, 22, 22, 22, 22, 22, 22, 22
ch106, 22, 22, 22, 22, 22, 22, 22, 22, 22, 22
ch110, 26, 26, 26, 26, 26, 24, 24, 24, 22, 22
ch114, 22, 22, 22, 22, 22, 22, 22, 22, 22, 22
ch118, 26, 26, 26, 26, 26, 24, 24, 24, 22, 22
ch122, 26, 26, 26, 26, 26, 24, 24, 24, 22, 22
ch126, 26, 26, 26, 26, 26, 24, 24, 24, 22, 22
ch134, 24, 24, 24, 24, 24, 24, 24, 24, 22, 22
ch138, 24, 24, 24, 24, 24, 24, 24, 24, 22, 22
ch142, 26, 26, 26, 26, 26, 24, 24, 24, 22, 22
ch151, 26, 26, 26, 26, 26, 24, 24, 24, 22, 22
ch155, 26, 26, 26, 26, 26, 24, 24, 24, 22, 22
ch159, 26, 26, 26, 26, 26, 24, 24, 24, 22, 22
</vht40>

<vht80, m0, m1, m2, m3, m4, m5, m6, m7, m8, m9>
ch042, 24, 24, 24, 24, 24, 24, 24, 24, 22, 22
ch050, 20, 20, 20, 20, 20, 20, 20, 20, 20, 20
ch058, 20, 20, 20, 20, 20, 20, 20, 20, 20, 20
ch106, 21, 21, 21, 21, 21, 21, 21, 21, 21, 21
ch114, 21, 21, 21, 21, 21, 21, 21, 21, 21, 21
ch122, 26, 26, 26, 26, 26, 24, 24, 24, 22, 22
ch138, 26, 26, 26, 26, 26, 24, 24, 24, 22, 22
ch155, 26, 26, 26, 26, 26, 24, 24, 24, 22, 22
</vht80>

<ru26, m0, m1, m2, m3, m4, m5, m6, m7, m8, m9, m10, m11>
ch001, 19, 19, 19, 19, 19, 19, 19, 19, 19, 19, 19, 19
ch002, 21, 21, 21, 21, 21, 21, 21, 21, 21, 21, 21, 21
ch003, 25, 25, 25, 25, 25, 25, 25, 25, 25, 25, 25, 25
ch004, 30, 30, 30, 30, 30, 28, 28, 28, 26, 26, 26, 26
ch005, 30, 30, 30, 30, 30, 28, 28, 28, 26, 26, 26, 26
ch006, 30, 30, 30, 30, 30, 28, 28, 28, 26, 26, 26, 26
ch007, 30, 30, 30, 30, 30, 28, 28, 28, 26, 26, 26, 26
ch008, 30, 30, 30, 30, 30, 28, 28, 28, 26, 26, 26, 26
ch009, 27, 27, 27, 27, 27, 27, 27, 27, 27, 27, 27, 27
ch010, 23, 23, 23, 23, 23, 23, 23, 23, 23, 23, 23, 23
ch011, 21, 21, 21, 21, 21, 21, 21, 21, 21, 21, 21, 21
ch012, 0, 0, 0, 0, 0, 0, 0, 0, 0, 0, 0, 0
ch013, 0, 0, 0, 0, 0, 0, 0, 0, 0, 0, 0, 0
ch014, 0, 0, 0, 0, 0, 0, 0, 0, 0, 0, 0, 0
ch036, 7, 7, 7, 7, 7, 5, 5, 5, 3, 3, 3, 3
ch038, 7, 7, 7, 7, 7, 5, 5, 5, 3, 3, 3, 3
ch040, 7, 7, 7, 7, 7, 5, 5, 5, 3, 3, 3, 3
ch042, 7, 7, 7, 7, 7, 5, 5, 5, 3, 3, 3, 3
ch044, 7, 7, 7, 7, 7, 5, 5, 5, 3, 3, 3, 3
ch046, 7, 7, 7, 7, 7, 5, 5, 5, 3, 3, 3, 3
ch048, 7, 7, 7, 7, 7, 5, 5, 5, 3, 3, 3, 3
ch050, 7, 7, 7, 7, 7, 5, 5, 5, 3, 3, 3, 3
ch052, 26, 26, 26, 26, 26, 24, 24, 24, 22, 22, 22, 22
ch054, 26, 26, 26, 26, 26, 24, 24, 24, 22, 22, 22, 22
ch056, 26, 26, 26, 26, 26, 24, 24, 24, 22, 22, 22, 22
ch058, 26, 26, 26, 26, 26, 24, 24, 24, 22, 22, 22, 22
ch060, 26, 26, 26, 26, 26, 24, 24, 24, 22, 22, 22, 22
ch062, 26, 26, 26, 26, 26, 24, 24, 24, 22, 22, 22, 22
ch064, 26, 26, 26, 26, 26, 24, 24, 24, 22, 22, 22, 22
ch100, 25, 25, 25, 25, 25, 24, 24, 24, 22, 22, 22, 22
ch102, 25, 25, 25, 25, 25, 24, 24, 24, 22, 22, 22, 22
ch104, 25, 25, 25, 25, 25, 24, 24, 24, 22, 22, 22, 22
ch106, 25, 25, 25, 25, 25, 24, 24, 24, 22, 22, 22, 22
ch108, 25, 25, 25, 25, 25, 24, 24, 24, 22, 22, 22, 22
ch110, 25, 25, 25, 25, 25, 24, 24, 24, 22, 22, 22, 22
ch112, 25, 25, 25, 25, 25, 24, 24, 24, 22, 22, 22, 22
ch114, 25, 25, 25, 25, 25, 24, 24, 24, 22, 22, 22, 22
ch116, 26, 26, 26, 26, 26, 24, 24, 24, 22, 22, 22, 22
ch118, 26, 26, 26, 26, 26, 24, 24, 24, 22, 22, 22, 22
ch120, 26, 26, 26, 26, 26, 24, 24, 24, 22, 22, 22, 22
ch122, 26, 26, 26, 26, 26, 24, 24, 24, 22, 22, 22, 22
ch124, 26, 26, 26, 26, 26, 24, 24, 24, 22, 22, 22, 22
ch126, 26, 26, 26, 26, 26, 24, 24, 24, 22, 22, 22, 22
ch128, 26, 26, 26, 26, 26, 24, 24, 24, 22, 22, 22, 22
ch132, 26, 26, 26, 26, 26, 24, 24, 24, 22, 22, 22, 22
ch134, 26, 26, 26, 26, 26, 24, 24, 24, 22, 22, 22, 22
ch136, 26, 26, 26, 26, 26, 24, 24, 24, 22, 22, 22, 22
ch138, 26, 26, 26, 26, 26, 24, 24, 24, 22, 22, 22, 22
ch140, 26, 26, 26, 26, 26, 24, 24, 24, 22, 22, 22, 22
ch142, 26, 26, 26, 26, 26, 24, 24, 24, 22, 22, 22, 22
ch144, 26, 26, 26, 26, 26, 24, 24, 24, 22, 22, 22, 22
ch149, 26, 26, 26, 26, 26, 24, 24, 24, 22, 22, 22, 22
ch151, 26, 26, 26, 26, 26, 24, 24, 24, 22, 22, 22, 22
ch153, 26, 26, 26, 26, 26, 24, 24, 24, 22, 22, 22, 22
ch155, 26, 26, 26, 26, 26, 24, 24, 24, 22, 22, 22, 22
ch157, 26, 26, 26, 26, 26, 24, 24, 24, 22, 22, 22, 22
ch159, 26, 26, 26, 26, 26, 24, 24, 24, 22, 22, 22, 22
ch161, 26, 26, 26, 26, 26, 24, 24, 24, 22, 22, 22, 22
ch165, 26, 26, 26, 26, 26, 24, 24, 24, 22, 22, 22, 22
</ru26>

<ru52, m0, m1, m2, m3, m4, m5, m6, m7, m8, m9, m10, m11>
ch001, 19, 19, 19, 19, 19, 19, 19, 19, 19, 19, 19, 19
ch002, 21, 21, 21, 21, 21, 21, 21, 21, 21, 21, 21, 21
ch003, 25, 25, 25, 25, 25, 25, 25, 25, 25, 25, 25, 25
ch004, 30, 30, 30, 30, 30, 28, 28, 28, 26, 26, 26, 26
ch005, 30, 30, 30, 30, 30, 28, 28, 28, 26, 26, 26, 26
ch006, 30, 30, 30, 30, 30, 28, 28, 28, 26, 26, 26, 26
ch007, 30, 30, 30, 30, 30, 28, 28, 28, 26, 26, 26, 26
ch008, 30, 30, 30, 30, 30, 28, 28, 28, 26, 26, 26, 26
ch009, 27, 27, 27, 27, 27, 27, 27, 27, 27, 27, 27, 27
ch010, 23, 23, 23, 23, 23, 23, 23, 23, 23, 23, 23, 23
ch011, 21, 21, 21, 21, 21, 21, 21, 21, 21, 21, 21, 21
ch012, 0, 0, 0, 0, 0, 0, 0, 0, 0, 0, 0, 0
ch013, 0, 0, 0, 0, 0, 0, 0, 0, 0, 0, 0, 0
ch014, 0, 0, 0, 0, 0, 0, 0, 0, 0, 0, 0, 0
ch036, 13, 13, 13, 13, 13, 11, 11, 11, 9, 9, 9, 9
ch038, 13, 13, 13, 13, 13, 11, 11, 11, 9, 9, 9, 9
ch040, 13, 13, 13, 13, 13, 11, 11, 11, 9, 9, 9, 9
ch042, 13, 13, 13, 13, 13, 11, 11, 11, 9, 9, 9, 9
ch044, 13, 13, 13, 13, 13, 11, 11, 11, 9, 9, 9, 9
ch046, 13, 13, 13, 13, 13, 11, 11, 11, 9, 9, 9, 9
ch048, 13, 13, 13, 13, 13, 11, 11, 11, 9, 9, 9, 9
ch050, 13, 13, 13, 13, 13, 11, 11, 11, 9, 9, 9, 9
ch052, 26, 26, 26, 26, 26, 24, 24, 24, 22, 22, 22, 22
ch054, 26, 26, 26, 26, 26, 24, 24, 24, 22, 22, 22, 22
ch056, 26, 26, 26, 26, 26, 24, 24, 24, 22, 22, 22, 22
ch058, 26, 26, 26, 26, 26, 24, 24, 24, 22, 22, 22, 22
ch060, 26, 26, 26, 26, 26, 24, 24, 24, 22, 22, 22, 22
ch062, 26, 26, 26, 26, 26, 24, 24, 24, 22, 22, 22, 22
ch064, 26, 26, 26, 26, 26, 24, 24, 24, 22, 22, 22, 22
ch100, 25, 25, 25, 25, 25, 24, 24, 24, 22, 22, 22, 22
ch102, 25, 25, 25, 25, 25, 24, 24, 24, 22, 22, 22, 22
ch104, 25, 25, 25, 25, 25, 24, 24, 24, 22, 22, 22, 22
ch106, 25, 25, 25, 25, 25, 24, 24, 24, 22, 22, 22, 22
ch108, 25, 25, 25, 25, 25, 24, 24, 24, 22, 22, 22, 22
ch110, 25, 25, 25, 25, 25, 24, 24, 24, 22, 22, 22, 22
ch112, 25, 25, 25, 25, 25, 24, 24, 24, 22, 22, 22, 22
ch114, 25, 25, 25, 25, 25, 24, 24, 24, 22, 22, 22, 22
ch116, 26, 26, 26, 26, 26, 24, 24, 24, 22, 22, 22, 22
ch118, 26, 26, 26, 26, 26, 24, 24, 24, 22, 22, 22, 22
ch120, 26, 26, 26, 26, 26, 24, 24, 24, 22, 22, 22, 22
ch122, 26, 26, 26, 26, 26, 24, 24, 24, 22, 22, 22, 22
ch124, 26, 26, 26, 26, 26, 24, 24, 24, 22, 22, 22, 22
ch126, 26, 26, 26, 26, 26, 24, 24, 24, 22, 22, 22, 22
ch128, 26, 26, 26, 26, 26, 24, 24, 24, 22, 22, 22, 22
ch132, 26, 26, 26, 26, 26, 24, 24, 24, 22, 22, 22, 22
ch134, 26, 26, 26, 26, 26, 24, 24, 24, 22, 22, 22, 22
ch136, 26, 26, 26, 26, 26, 24, 24, 24, 22, 22, 22, 22
ch138, 26, 26, 26, 26, 26, 24, 24, 24, 22, 22, 22, 22
ch140, 26, 26, 26, 26, 26, 24, 24, 24, 22, 22, 22, 22
ch142, 26, 26, 26, 26, 26, 24, 24, 24, 22, 22, 22, 22
ch144, 26, 26, 26, 26, 26, 24, 24, 24, 22, 22, 22, 22
ch149, 26, 26, 26, 26, 26, 24, 24, 24, 22, 22, 22, 22
ch151, 26, 26, 26, 26, 26, 24, 24, 24, 22, 22, 22, 22
ch153, 26, 26, 26, 26, 26, 24, 24, 24, 22, 22, 22, 22
ch155, 26, 26, 26, 26, 26, 24, 24, 24, 22, 22, 22, 22
ch157, 26, 26, 26, 26, 26, 24, 24, 24, 22, 22, 22, 22
ch159, 26, 26, 26, 26, 26, 24, 24, 24, 22, 22, 22, 22
ch161, 26, 26, 26, 26, 26, 24, 24, 24, 22, 22, 22, 22
ch165, 26, 26, 26, 26, 26, 24, 24, 24, 22, 22, 22, 22
</ru52>

<ru106, m0, m1, m2, m3, m4, m5, m6, m7, m8, m9, m10, m11>
ch001, 19, 19, 19, 19, 19, 19, 19, 19, 19, 19, 19, 19
ch002, 21, 21, 21, 21, 21, 21, 21, 21, 21, 21, 21, 21
ch003, 25, 25, 25, 25, 25, 25, 25, 25, 25, 25, 25, 25
ch004, 30, 30, 30, 30, 30, 28, 28, 28, 26, 26, 26, 26
ch005, 30, 30, 30, 30, 30, 28, 28, 28, 26, 26, 26, 26
ch006, 30, 30, 30, 30, 30, 28, 28, 28, 26, 26, 26, 26
ch007, 30, 30, 30, 30, 30, 28, 28, 28, 26, 26, 26, 26
ch008, 30, 30, 30, 30, 30, 28, 28, 28, 26, 26, 26, 26
ch009, 27, 27, 27, 27, 27, 27, 27, 27, 27, 27, 27, 27
ch010, 23, 23, 23, 23, 23, 23, 23, 23, 23, 23, 23, 23
ch011, 21, 21, 21, 21, 21, 21, 21, 21, 21, 21, 21, 21
ch012, 0, 0, 0, 0, 0, 0, 0, 0, 0, 0, 0, 0
ch013, 0, 0, 0, 0, 0, 0, 0, 0, 0, 0, 0, 0
ch014, 0, 0, 0, 0, 0, 0, 0, 0, 0, 0, 0, 0
ch036, 19, 19, 19, 19, 19, 17, 17, 17, 15, 15, 15, 15
ch038, 19, 19, 19, 19, 19, 17, 17, 17, 15, 15, 15, 15
ch040, 19, 19, 19, 19, 19, 17, 17, 17, 15, 15, 15, 15
ch042, 19, 19, 19, 19, 19, 17, 17, 17, 15, 15, 15, 15
ch044, 19, 19, 19, 19, 19, 17, 17, 17, 15, 15, 15, 15
ch046, 19, 19, 19, 19, 19, 17, 17, 17, 15, 15, 15, 15
ch048, 19, 19, 19, 19, 19, 17, 17, 17, 15, 15, 15, 15
ch050, 19, 19, 19, 19, 19, 17, 17, 17, 15, 15, 15, 15
ch052, 26, 26, 26, 26, 26, 24, 24, 24, 22, 22, 22, 22
ch054, 26, 26, 26, 26, 26, 24, 24, 24, 22, 22, 22, 22
ch056, 26, 26, 26, 26, 26, 24, 24, 24, 22, 22, 22, 22
ch058, 26, 26, 26, 26, 26, 24, 24, 24, 22, 22, 22, 22
ch060, 26, 26, 26, 26, 26, 24, 24, 24, 22, 22, 22, 22
ch062, 26, 26, 26, 26, 26, 24, 24, 24, 22, 22, 22, 22
ch064, 26, 26, 26, 26, 26, 24, 24, 24, 22, 22, 22, 22
ch100, 25, 25, 25, 25, 25, 24, 24, 24, 22, 22, 22, 22
ch102, 25, 25, 25, 25, 25, 24, 24, 24, 22, 22, 22, 22
ch104, 25, 25, 25, 25, 25, 24, 24, 24, 22, 22, 22, 22
ch106, 25, 25, 25, 25, 25, 24, 24, 24, 22, 22, 22, 22
ch108, 25, 25, 25, 25, 25, 24, 24, 24, 22, 22, 22, 22
ch110, 25, 25, 25, 25, 25, 24, 24, 24, 22, 22, 22, 22
ch112, 25, 25, 25, 25, 25, 24, 24, 24, 22, 22, 22, 22
ch114, 25, 25, 25, 25, 25, 24, 24, 24, 22, 22, 22, 22
ch116, 26, 26, 26, 26, 26, 24, 24, 24, 22, 22, 22, 22
ch118, 26, 26, 26, 26, 26, 24, 24, 24, 22, 22, 22, 22
ch120, 26, 26, 26, 26, 26, 24, 24, 24, 22, 22, 22, 22
ch122, 26, 26, 26, 26, 26, 24, 24, 24, 22, 22, 22, 22
ch124, 26, 26, 26, 26, 26, 24, 24, 24, 22, 22, 22, 22
ch126, 26, 26, 26, 26, 26, 24, 24, 24, 22, 22, 22, 22
ch128, 26, 26, 26, 26, 26, 24, 24, 24, 22, 22, 22, 22
ch132, 26, 26, 26, 26, 26, 24, 24, 24, 22, 22, 22, 22
ch134, 26, 26, 26, 26, 26, 24, 24, 24, 22, 22, 22, 22
ch136, 26, 26, 26, 26, 26, 24, 24, 24, 22, 22, 22, 22
ch138, 26, 26, 26, 26, 26, 24, 24, 24, 22, 22, 22, 22
ch140, 26, 26, 26, 26, 26, 24, 24, 24, 22, 22, 22, 22
ch142, 26, 26, 26, 26, 26, 24, 24, 24, 22, 22, 22, 22
ch144, 26, 26, 26, 26, 26, 24, 24, 24, 22, 22, 22, 22
ch149, 26, 26, 26, 26, 26, 24, 24, 24, 22, 22, 22, 22
ch151, 26, 26, 26, 26, 26, 24, 24, 24, 22, 22, 22, 22
ch153, 26, 26, 26, 26, 26, 24, 24, 24, 22, 22, 22, 22
ch155, 26, 26, 26, 26, 26, 24, 24, 24, 22, 22, 22, 22
ch157, 26, 26, 26, 26, 26, 24, 24, 24, 22, 22, 22, 22
ch159, 26, 26, 26, 26, 26, 24, 24, 24, 22, 22, 22, 22
ch161, 26, 26, 26, 26, 26, 24, 24, 24, 22, 22, 22, 22
ch165, 26, 26, 26, 26, 26, 24, 24, 24, 22, 22, 22, 22
</ru106>

<ru242, m0, m1, m2, m3, m4, m5, m6, m7, m8, m9, m10, m11>
ch001, 19, 19, 19, 19, 19, 19, 19, 19, 19, 19, 19, 19
ch002, 21, 21, 21, 21, 21, 21, 21, 21, 21, 21, 21, 21
ch003, 25, 25, 25, 25, 25, 25, 25, 25, 25, 25, 25, 25
ch004, 30, 30, 30, 30, 30, 28, 28, 28, 26, 26, 26, 26
ch005, 30, 30, 30, 30, 30, 28, 28, 28, 26, 26, 26, 26
ch006, 30, 30, 30, 30, 30, 28, 28, 28, 26, 26, 26, 26
ch007, 30, 30, 30, 30, 30, 28, 28, 28, 26, 26, 26, 26
ch008, 30, 30, 30, 30, 30, 28, 28, 28, 26, 26, 26, 26
ch009, 27, 27, 27, 27, 27, 27, 27, 27, 27, 27, 27, 27
ch010, 23, 23, 23, 23, 23, 23, 23, 23, 23, 23, 23, 23
ch011, 21, 21, 21, 21, 21, 21, 21, 21, 21, 21, 21, 21
ch012, 0, 0, 0, 0, 0, 0, 0, 0, 0, 0, 0, 0
ch013, 0, 0, 0, 0, 0, 0, 0, 0, 0, 0, 0, 0
ch014, 0, 0, 0, 0, 0, 0, 0, 0, 0, 0, 0, 0
ch036, 26, 26, 26, 26, 26, 24, 24, 24, 22, 22, 22, 22
ch038, 26, 26, 26, 26, 26, 24, 24, 24, 22, 22, 22, 22
ch040, 26, 26, 26, 26, 26, 24, 24, 24, 22, 22, 22, 22
ch042, 26, 26, 26, 26, 26, 24, 24, 24, 22, 22, 22, 22
ch044, 26, 26, 26, 26, 26, 24, 24, 24, 22, 22, 22, 22
ch046, 26, 26, 26, 26, 26, 24, 24, 24, 22, 22, 22, 22
ch048, 26, 26, 26, 26, 26, 24, 24, 24, 22, 22, 22, 22
ch050, 26, 26, 26, 26, 26, 24, 24, 24, 22, 22, 22, 22
ch052, 26, 26, 26, 26, 26, 24, 24, 24, 22, 22, 22, 22
ch054, 26, 26, 26, 26, 26, 24, 24, 24, 22, 22, 22, 22
ch056, 26, 26, 26, 26, 26, 24, 24, 24, 22, 22, 22, 22
ch058, 26, 26, 26, 26, 26, 24, 24, 24, 22, 22, 22, 22
ch060, 26, 26, 26, 26, 26, 24, 24, 24, 22, 22, 22, 22
ch062, 26, 26, 26, 26, 26, 24, 24, 24, 22, 22, 22, 22
ch064, 26, 26, 26, 26, 26, 24, 24, 24, 22, 22, 22, 22
ch100, 25, 25, 25, 25, 25, 24, 24, 24, 22, 22, 22, 22
ch102, 25, 25, 25, 25, 25, 24, 24, 24, 22, 22, 22, 22
ch104, 25, 25, 25, 25, 25, 24, 24, 24, 22, 22, 22, 22
ch106, 25, 25, 25, 25, 25, 24, 24, 24, 22, 22, 22, 22
ch108, 25, 25, 25, 25, 25, 24, 24, 24, 22, 22, 22, 22
ch110, 25, 25, 25, 25, 25, 24, 24, 24, 22, 22, 22, 22
ch112, 25, 25, 25, 25, 25, 24, 24, 24, 22, 22, 22, 22
ch114, 25, 25, 25, 25, 25, 24, 24, 24, 22, 22, 22, 22
ch116, 26, 26, 26, 26, 26, 24, 24, 24, 22, 22, 22, 22
ch118, 26, 26, 26, 26, 26, 24, 24, 24, 22, 22, 22, 22
ch120, 26, 26, 26, 26, 26, 24, 24, 24, 22, 22, 22, 22
ch122, 26, 26, 26, 26, 26, 24, 24, 24, 22, 22, 22, 22
ch124, 26, 26, 26, 26, 26, 24, 24, 24, 22, 22, 22, 22
ch126, 26, 26, 26, 26, 26, 24, 24, 24, 22, 22, 22, 22
ch128, 26, 26, 26, 26, 26, 24, 24, 24, 22, 22, 22, 22
ch132, 26, 26, 26, 26, 26, 24, 24, 24, 22, 22, 22, 22
ch134, 26, 26, 26, 26, 26, 24, 24, 24, 22, 22, 22, 22
ch136, 26, 26, 26, 26, 26, 24, 24, 24, 22, 22, 22, 22
ch138, 26, 26, 26, 26, 26, 24, 24, 24, 22, 22, 22, 22
ch140, 26, 26, 26, 26, 26, 24, 24, 24, 22, 22, 22, 22
ch142, 26, 26, 26, 26, 26, 24, 24, 24, 22, 22, 22, 22
ch144, 26, 26, 26, 26, 26, 24, 24, 24, 22, 22, 22, 22
ch149, 26, 26, 26, 26, 26, 24, 24, 24, 22, 22, 22, 22
ch151, 26, 26, 26, 26, 26, 24, 24, 24, 22, 22, 22, 22
ch153, 26, 26, 26, 26, 26, 24, 24, 24, 22, 22, 22, 22
ch155, 26, 26, 26, 26, 26, 24, 24, 24, 22, 22, 22, 22
ch157, 26, 26, 26, 26, 26, 24, 24, 24, 22, 22, 22, 22
ch159, 26, 26, 26, 26, 26, 24, 24, 24, 22, 22, 22, 22
ch161, 26, 26, 26, 26, 26, 24, 24, 24, 22, 22, 22, 22
ch165, 26, 26, 26, 26, 26, 24, 24, 24, 22, 22, 22, 22
</ru242>

<ru484, m0, m1, m2, m3, m4, m5, m6, m7, m8, m9, m10, m11>
ch038, 26, 26, 26, 26, 26, 24, 24, 24, 22, 22, 22, 22
ch042, 26, 26, 26, 26, 26, 24, 24, 24, 22, 22, 22, 22
ch046, 26, 26, 26, 26, 26, 24, 24, 24, 22, 22, 22, 22
ch050, 23, 23, 23, 23, 23, 23, 23, 23, 22, 22, 22, 22
ch054, 26, 26, 26, 26, 26, 24, 24, 24, 22, 22, 22, 22
ch058, 23, 23, 23, 23, 23, 23, 23, 23, 22, 22, 22, 22
ch062, 23, 23, 23, 23, 23, 23, 23, 23, 22, 22, 22, 22
ch102, 23, 23, 23, 23, 23, 23, 23, 23, 22, 22, 22, 22
ch106, 23, 23, 23, 23, 23, 23, 23, 23, 22, 22, 22, 22
ch110, 26, 26, 26, 26, 26, 24, 24, 24, 22, 22, 22, 22
ch114, 23, 23, 23, 23, 23, 23, 23, 23, 22, 22, 22, 22
ch118, 26, 26, 26, 26, 26, 24, 24, 24, 22, 22, 22, 22
ch122, 26, 26, 26, 26, 26, 24, 24, 24, 22, 22, 22, 22
ch126, 26, 26, 26, 26, 26, 24, 24, 24, 22, 22, 22, 22
ch134, 25, 25, 25, 25, 25, 24, 24, 24, 22, 22, 22, 22
ch138, 25, 25, 25, 25, 25, 24, 24, 24, 22, 22, 22, 22
ch142, 26, 26, 26, 26, 26, 24, 24, 24, 22, 22, 22, 22
ch151, 26, 26, 26, 26, 26, 24, 24, 24, 22, 22, 22, 22
ch155, 26, 26, 26, 26, 26, 24, 24, 24, 22, 22, 22, 22
ch159, 26, 26, 26, 26, 26, 24, 24, 24, 22, 22, 22, 22
</ru484>

<ru996, m0, m1, m2, m3, m4, m5, m6, m7, m8, m9, m10, m11>
ch042, 25, 25, 25, 25, 25, 24, 24, 24, 22, 22, 22, 22
ch050, 21, 21, 21, 21, 21, 21, 21, 21, 21, 21, 21, 21
ch058, 21, 21, 21, 21, 21, 21, 21, 21, 21, 21, 21, 21
ch106, 21, 21, 21, 21, 21, 21, 21, 21, 21, 21, 21, 21
ch114, 21, 21, 21, 21, 21, 21, 21, 21, 21, 21, 21, 21
ch122, 26, 26, 26, 26, 26, 24, 24, 24, 22, 22, 22, 22
ch138, 26, 26, 26, 26, 26, 24, 24, 24, 22, 22, 22, 22
ch155, 26, 26, 26, 26, 26, 24, 24, 24, 22, 22, 22, 22
</ru996>

[CN]
<cck, c1, c2, c5, c11>
ch001, 17, 17, 17, 17
ch002, 17, 17, 17, 17
ch003, 17, 17, 17, 17
ch004, 17, 17, 17, 17
ch005, 17, 17, 17, 17
ch006, 17, 17, 17, 17
ch007, 17, 17, 17, 17
ch008, 17, 17, 17, 17
ch009, 17, 17, 17, 17
ch010, 17, 17, 17, 17
ch011, 17, 17, 17, 17
ch012, 17, 17, 17, 17
ch013, 17, 17, 17, 17
ch014, 0, 0, 0, 0
</cck>

<ofdm, o6, o9, o12, o18, o24, o36, o48, o54>
ch001, 22, 22, 22, 22, 22, 22, 22, 22
ch002, 22, 22, 22, 22, 22, 22, 22, 22
ch003, 22, 22, 22, 22, 22, 22, 22, 22
ch004, 22, 22, 22, 22, 22, 22, 22, 22
ch005, 22, 22, 22, 22, 22, 22, 22, 22
ch006, 22, 22, 22, 22, 22, 22, 22, 22
ch007, 22, 22, 22, 22, 22, 22, 22, 22
ch008, 22, 22, 22, 22, 22, 22, 22, 22
ch009, 22, 22, 22, 22, 22, 22, 22, 22
ch010, 22, 22, 22, 22, 22, 22, 22, 22
ch011, 22, 22, 22, 22, 22, 22, 22, 22
ch012, 22, 22, 22, 22, 22, 22, 22, 22
ch013, 10, 10, 10, 10, 10, 10, 10, 10
ch014, 0, 0, 0, 0, 0, 0, 0, 0
ch036, 23, 23, 23, 23, 23, 23, 23, 23
ch038, 23, 23, 23, 23, 23, 23, 23, 23
ch040, 23, 23, 23, 23, 23, 23, 23, 23
ch042, 23, 23, 23, 23, 23, 23, 23, 23
ch044, 23, 23, 23, 23, 23, 23, 23, 23
ch046, 23, 23, 23, 23, 23, 23, 23, 23
ch048, 23, 23, 23, 23, 23, 23, 23, 23
ch050, 17, 17, 17, 17, 17, 17, 17, 17
ch052, 18, 18, 18, 18, 18, 18, 18, 18
ch054, 18, 18, 18, 18, 18, 18, 18, 18
ch056, 18, 18, 18, 18, 18, 18, 18, 18
ch058, 17, 17, 17, 17, 17, 17, 17, 17
ch060, 17, 17, 17, 17, 17, 17, 17, 17
ch062, 17, 17, 17, 17, 17, 17, 17, 17
ch064, 17, 17, 17, 17, 17, 17, 17, 17
ch100, 0, 0, 0, 0, 0, 0, 0, 0
ch102, 0, 0, 0, 0, 0, 0, 0, 0
ch104, 0, 0, 0, 0, 0, 0, 0, 0
ch106, 0, 0, 0, 0, 0, 0, 0, 0
ch108, 0, 0, 0, 0, 0, 0, 0, 0
ch110, 0, 0, 0, 0, 0, 0, 0, 0
ch112, 0, 0, 0, 0, 0, 0, 0, 0
ch114, 0, 0, 0, 0, 0, 0, 0, 0
ch116, 0, 0, 0, 0, 0, 0, 0, 0
ch118, 0, 0, 0, 0, 0, 0, 0, 0
ch120, 0, 0, 0, 0, 0, 0, 0, 0
ch122, 0, 0, 0, 0, 0, 0, 0, 0
ch124, 0, 0, 0, 0, 0, 0, 0, 0
ch126, 0, 0, 0, 0, 0, 0, 0, 0
ch128, 0, 0, 0, 0, 0, 0, 0, 0
ch132, 0, 0, 0, 0, 0, 0, 0, 0
ch134, 0, 0, 0, 0, 0, 0, 0, 0
ch136, 0, 0, 0, 0, 0, 0, 0, 0
ch138, 0, 0, 0, 0, 0, 0, 0, 0
ch140, 0, 0, 0, 0, 0, 0, 0, 0
ch142, 0, 0, 0, 0, 0, 0, 0, 0
ch144, 0, 0, 0, 0, 0, 0, 0, 0
ch149, 26, 26, 26, 26, 24, 24, 24, 24
ch151, 26, 26, 26, 26, 24, 24, 24, 24
ch153, 26, 26, 26, 26, 24, 24, 24, 24
ch155, 26, 26, 26, 26, 24, 24, 24, 24
ch157, 26, 26, 26, 26, 24, 24, 24, 24
ch159, 26, 26, 26, 26, 24, 24, 24, 24
ch161, 26, 26, 26, 26, 24, 24, 24, 24
ch165, 26, 26, 26, 26, 24, 24, 24, 24
</ofdm>

<ht20, m0, m1, m2, m3, m4, m5, m6, m7>
ch001, 21, 21, 21, 21, 21, 21, 21, 21
ch002, 22, 22, 22, 22, 22, 22, 22, 22
ch003, 22, 22, 22, 22, 22, 22, 22, 22
ch004, 22, 22, 22, 22, 22, 22, 22, 22
ch005, 22, 22, 22, 22, 22, 22, 22, 22
ch006, 22, 22, 22, 22, 22, 22, 22, 22
ch007, 22, 22, 22, 22, 22, 22, 22, 22
ch008, 22, 22, 22, 22, 22, 22, 22, 22
ch009, 22, 22, 22, 22, 22, 22, 22, 22
ch010, 22, 22, 22, 22, 22, 22, 22, 22
ch011, 22, 22, 22, 22, 22, 22, 22, 22
ch012, 22, 22, 22, 22, 22, 22, 22, 22
ch013, 6, 6, 6, 6, 6, 6, 6, 6
ch014, 0, 0, 0, 0, 0, 0, 0, 0
ch036, 26, 26, 26, 26, 26, 24, 24, 24
ch038, 26, 26, 26, 26, 26, 24, 24, 24
ch040, 26, 26, 26, 26, 26, 24, 24, 24
ch042, 26, 26, 26, 26, 26, 24, 24, 24
ch044, 26, 26, 26, 26, 26, 24, 24, 24
ch046, 26, 26, 26, 26, 26, 24, 24, 24
ch048, 26, 26, 26, 26, 26, 24, 24, 24
ch050, 22, 22, 22, 22, 22, 22, 22, 22
ch052, 22, 22, 22, 22, 22, 22, 22, 22
ch054, 22, 22, 22, 22, 22, 22, 22, 22
ch056, 22, 22, 22, 22, 22, 22, 22, 22
ch058, 22, 22, 22, 22, 22, 22, 22, 22
ch060, 22, 22, 22, 22, 22, 22, 22, 22
ch062, 22, 22, 22, 22, 22, 22, 22, 22
ch064, 22, 22, 22, 22, 22, 22, 22, 22
ch100, 0, 0, 0, 0, 0, 0, 0, 0
ch102, 0, 0, 0, 0, 0, 0, 0, 0
ch104, 0, 0, 0, 0, 0, 0, 0, 0
ch106, 0, 0, 0, 0, 0, 0, 0, 0
ch108, 0, 0, 0, 0, 0, 0, 0, 0
ch110, 0, 0, 0, 0, 0, 0, 0, 0
ch112, 0, 0, 0, 0, 0, 0, 0, 0
ch114, 0, 0, 0, 0, 0, 0, 0, 0
ch116, 0, 0, 0, 0, 0, 0, 0, 0
ch118, 0, 0, 0, 0, 0, 0, 0, 0
ch120, 0, 0, 0, 0, 0, 0, 0, 0
ch122, 0, 0, 0, 0, 0, 0, 0, 0
ch124, 0, 0, 0, 0, 0, 0, 0, 0
ch126, 0, 0, 0, 0, 0, 0, 0, 0
ch128, 0, 0, 0, 0, 0, 0, 0, 0
ch132, 0, 0, 0, 0, 0, 0, 0, 0
ch134, 0, 0, 0, 0, 0, 0, 0, 0
ch136, 0, 0, 0, 0, 0, 0, 0, 0
ch138, 0, 0, 0, 0, 0, 0, 0, 0
ch140, 0, 0, 0, 0, 0, 0, 0, 0
ch142, 0, 0, 0, 0, 0, 0, 0, 0
ch144, 0, 0, 0, 0, 0, 0, 0, 0
ch149, 26, 26, 26, 26, 26, 24, 24, 24
ch151, 26, 26, 26, 26, 26, 24, 24, 24
ch153, 26, 26, 26, 26, 26, 24, 24, 24
ch155, 26, 26, 26, 26, 26, 24, 24, 24
ch157, 26, 26, 26, 26, 26, 24, 24, 24
ch159, 26, 26, 26, 26, 26, 24, 24, 24
ch161, 26, 26, 26, 26, 26, 24, 24, 24
ch165, 26, 26, 26, 26, 26, 24, 24, 24
</ht20>

<ht40, m0, m1, m2, m3, m4, m5, m6, m7, m32>
ch038, 26, 26, 26, 26, 26, 24, 24, 24, 0
ch042, 26, 26, 26, 26, 26, 24, 24, 24, 0
ch046, 26, 26, 26, 26, 26, 24, 24, 24, 0
ch050, 23, 23, 23, 23, 23, 23, 23, 23, 0
ch054, 23, 23, 23, 23, 23, 23, 23, 23, 0
ch058, 23, 23, 23, 23, 23, 23, 23, 23, 0
ch062, 24, 24, 24, 24, 24, 24, 24, 24, 0
ch102, 0, 0, 0, 0, 0, 0, 0, 0, 0
ch106, 0, 0, 0, 0, 0, 0, 0, 0, 0
ch110, 0, 0, 0, 0, 0, 0, 0, 0, 0
ch114, 0, 0, 0, 0, 0, 0, 0, 0, 0
ch118, 0, 0, 0, 0, 0, 0, 0, 0, 0
ch122, 0, 0, 0, 0, 0, 0, 0, 0, 0
ch126, 0, 0, 0, 0, 0, 0, 0, 0, 0
ch134, 0, 0, 0, 0, 0, 0, 0, 0, 0
ch138, 0, 0, 0, 0, 0, 0, 0, 0, 0
ch142, 0, 0, 0, 0, 0, 0, 0, 0, 0
ch151, 26, 26, 26, 26, 26, 24, 24, 24, 0
ch155, 26, 26, 26, 26, 26, 24, 24, 24, 0
ch159, 26, 26, 26, 26, 26, 24, 24, 24, 0
</ht40>

<vht20, m0, m1, m2, m3, m4, m5, m6, m7, m8, m9>
ch001, 21, 21, 21, 21, 21, 21, 21, 21, 21, 0
ch002, 22, 22, 22, 22, 22, 22, 22, 22, 22, 0
ch003, 22, 22, 22, 22, 22, 22, 22, 22, 22, 0
ch004, 22, 22, 22, 22, 22, 22, 22, 22, 22, 0
ch005, 22, 22, 22, 22, 22, 22, 22, 22, 22, 0
ch006, 22, 22, 22, 22, 22, 22, 22, 22, 22, 0
ch007, 22, 22, 22, 22, 22, 22, 22, 22, 22, 0
ch008, 22, 22, 22, 22, 22, 22, 22, 22, 22, 0
ch009, 22, 22, 22, 22, 22, 22, 22, 22, 22, 0
ch010, 22, 22, 22, 22, 22, 22, 22, 22, 22, 0
ch011, 22, 22, 22, 22, 22, 22, 22, 22, 22, 0
ch012, 22, 22, 22, 22, 22, 22, 22, 22, 22, 0
ch013, 6, 6, 6, 6, 6, 6, 6, 6, 6, 0
ch014, 0, 0, 0, 0, 0, 0, 0, 0, 0, 0
ch036, 26, 26, 26, 26, 26, 24, 24, 24, 22, 0
ch038, 26, 26, 26, 26, 26, 24, 24, 24, 22, 0
ch040, 26, 26, 26, 26, 26, 24, 24, 24, 22, 0
ch042, 26, 26, 26, 26, 26, 24, 24, 24, 22, 0
ch044, 26, 26, 26, 26, 26, 24, 24, 24, 22, 0
ch046, 26, 26, 26, 26, 26, 24, 24, 24, 22, 0
ch048, 26, 26, 26, 26, 26, 24, 24, 24, 22, 0
ch050, 22, 22, 22, 22, 22, 22, 22, 22, 22, 0
ch052, 22, 22, 22, 22, 22, 22, 22, 22, 22, 0
ch054, 22, 22, 22, 22, 22, 22, 22, 22, 22, 0
ch056, 22, 22, 22, 22, 22, 22, 22, 22, 22, 0
ch058, 22, 22, 22, 22, 22, 22, 22, 22, 22, 0
ch060, 22, 22, 22, 22, 22, 22, 22, 22, 22, 0
ch062, 22, 22, 22, 22, 22, 22, 22, 22, 22, 0
ch064, 22, 22, 22, 22, 22, 22, 22, 22, 22, 0
ch100, 0, 0, 0, 0, 0, 0, 0, 0, 0, 0
ch102, 0, 0, 0, 0, 0, 0, 0, 0, 0, 0
ch104, 0, 0, 0, 0, 0, 0, 0, 0, 0, 0
ch106, 0, 0, 0, 0, 0, 0, 0, 0, 0, 0
ch108, 0, 0, 0, 0, 0, 0, 0, 0, 0, 0
ch110, 0, 0, 0, 0, 0, 0, 0, 0, 0, 0
ch112, 0, 0, 0, 0, 0, 0, 0, 0, 0, 0
ch114, 0, 0, 0, 0, 0, 0, 0, 0, 0, 0
ch116, 0, 0, 0, 0, 0, 0, 0, 0, 0, 0
ch118, 0, 0, 0, 0, 0, 0, 0, 0, 0, 0
ch120, 0, 0, 0, 0, 0, 0, 0, 0, 0, 0
ch122, 0, 0, 0, 0, 0, 0, 0, 0, 0, 0
ch124, 0, 0, 0, 0, 0, 0, 0, 0, 0, 0
ch126, 0, 0, 0, 0, 0, 0, 0, 0, 0, 0
ch128, 0, 0, 0, 0, 0, 0, 0, 0, 0, 0
ch132, 0, 0, 0, 0, 0, 0, 0, 0, 0, 0
ch134, 0, 0, 0, 0, 0, 0, 0, 0, 0, 0
ch136, 0, 0, 0, 0, 0, 0, 0, 0, 0, 0
ch138, 0, 0, 0, 0, 0, 0, 0, 0, 0, 0
ch140, 0, 0, 0, 0, 0, 0, 0, 0, 0, 0
ch142, 0, 0, 0, 0, 0, 0, 0, 0, 0, 0
ch144, 0, 0, 0, 0, 0, 0, 0, 0, 0, 0
ch149, 26, 26, 26, 26, 26, 24, 24, 24, 22, 0
ch151, 26, 26, 26, 26, 26, 24, 24, 24, 22, 0
ch153, 26, 26, 26, 26, 26, 24, 24, 24, 22, 0
ch155, 26, 26, 26, 26, 26, 24, 24, 24, 22, 0
ch157, 26, 26, 26, 26, 26, 24, 24, 24, 22, 0
ch159, 26, 26, 26, 26, 26, 24, 24, 24, 22, 0
ch161, 26, 26, 26, 26, 26, 24, 24, 24, 22, 0
ch165, 26, 26, 26, 26, 26, 24, 24, 24, 22, 0
</vht20>

<vht40, m0, m1, m2, m3, m4, m5, m6, m7, m8, m9>
ch038, 26, 26, 26, 26, 26, 24, 24, 24, 22, 22
ch042, 26, 26, 26, 26, 26, 24, 24, 24, 22, 22
ch046, 26, 26, 26, 26, 26, 24, 24, 24, 22, 22
ch050, 23, 23, 23, 23, 23, 23, 23, 23, 22, 22
ch054, 23, 23, 23, 23, 23, 23, 23, 23, 22, 22
ch058, 23, 23, 23, 23, 23, 23, 23, 23, 22, 22
ch062, 24, 24, 24, 24, 24, 24, 24, 24, 22, 22
ch102, 0, 0, 0, 0, 0, 0, 0, 0, 0, 0
ch106, 0, 0, 0, 0, 0, 0, 0, 0, 0, 0
ch110, 0, 0, 0, 0, 0, 0, 0, 0, 0, 0
ch114, 0, 0, 0, 0, 0, 0, 0, 0, 0, 0
ch118, 0, 0, 0, 0, 0, 0, 0, 0, 0, 0
ch122, 0, 0, 0, 0, 0, 0, 0, 0, 0, 0
ch126, 0, 0, 0, 0, 0, 0, 0, 0, 0, 0
ch134, 0, 0, 0, 0, 0, 0, 0, 0, 0, 0
ch138, 0, 0, 0, 0, 0, 0, 0, 0, 0, 0
ch142, 0, 0, 0, 0, 0, 0, 0, 0, 0, 0
ch151, 26, 26, 26, 26, 26, 24, 24, 24, 22, 22
ch155, 26, 26, 26, 26, 26, 24, 24, 24, 22, 22
ch159, 26, 26, 26, 26, 26, 24, 24, 24, 22, 22
</vht40>

<vht80, m0, m1, m2, m3, m4, m5, m6, m7, m8, m9>
ch042, 26, 26, 26, 26, 26, 24, 24, 24, 22, 22
ch050, 24, 24, 24, 24, 24, 24, 24, 24, 22, 22
ch058, 24, 24, 24, 24, 24, 24, 24, 24, 22, 22
ch106, 0, 0, 0, 0, 0, 0, 0, 0, 0, 0
ch114, 0, 0, 0, 0, 0, 0, 0, 0, 0, 0
ch122, 0, 0, 0, 0, 0, 0, 0, 0, 0, 0
ch138, 0, 0, 0, 0, 0, 0, 0, 0, 0, 0
ch155, 24, 24, 24, 24, 24, 24, 24, 24, 22, 22
</vht80>

<ru26, m0, m1, m2, m3, m4, m5, m6, m7, m8, m9, m10, m11>
ch001, 21, 21, 21, 21, 21, 21, 21, 21, 21, 21, 21, 21
ch002, 22, 22, 22, 22, 22, 22, 22, 22, 22, 22, 22, 22
ch003, 22, 22, 22, 22, 22, 22, 22, 22, 22, 22, 22, 22
ch004, 22, 22, 22, 22, 22, 22, 22, 22, 22, 22, 22, 22
ch005, 22, 22, 22, 22, 22, 22, 22, 22, 22, 22, 22, 22
ch006, 22, 22, 22, 22, 22, 22, 22, 22, 22, 22, 22, 22
ch007, 22, 22, 22, 22, 22, 22, 22, 22, 22, 22, 22, 22
ch008, 22, 22, 22, 22, 22, 22, 22, 22, 22, 22, 22, 22
ch009, 22, 22, 22, 22, 22, 22, 22, 22, 22, 22, 22, 22
ch010, 22, 22, 22, 22, 22, 22, 22, 22, 22, 22, 22, 22
ch011, 22, 22, 22, 22, 22, 22, 22, 22, 22, 22, 22, 22
ch012, 22, 22, 22, 22, 22, 22, 22, 22, 22, 22, 22, 22
ch013, 6, 6, 6, 6, 6, 6, 6, 6, 6, 6, 6, 6
ch014, 0, 0, 0, 0, 0, 0, 0, 0, 0, 0, 0, 0
ch036, 26, 26, 26, 26, 26, 24, 24, 24, 22, 22, 22, 22
ch038, 26, 26, 26, 26, 26, 24, 24, 24, 22, 22, 22, 22
ch040, 26, 26, 26, 26, 26, 24, 24, 24, 22, 22, 22, 22
ch042, 26, 26, 26, 26, 26, 24, 24, 24, 22, 22, 22, 22
ch044, 26, 26, 26, 26, 26, 24, 24, 24, 22, 22, 22, 22
ch046, 26, 26, 26, 26, 26, 24, 24, 24, 22, 22, 22, 22
ch048, 26, 26, 26, 26, 26, 24, 24, 24, 22, 22, 22, 22
ch050, 22, 22, 22, 22, 22, 22, 22, 22, 22, 22, 22, 22
ch052, 22, 22, 22, 22, 22, 22, 22, 22, 22, 22, 22, 22
ch054, 22, 22, 22, 22, 22, 22, 22, 22, 22, 22, 22, 22
ch056, 22, 22, 22, 22, 22, 22, 22, 22, 22, 22, 22, 22
ch058, 22, 22, 22, 22, 22, 22, 22, 22, 22, 22, 22, 22
ch060, 22, 22, 22, 22, 22, 22, 22, 22, 22, 22, 22, 22
ch062, 22, 22, 22, 22, 22, 22, 22, 22, 22, 22, 22, 22
ch064, 22, 22, 22, 22, 22, 22, 22, 22, 22, 22, 22, 22
ch100, 0, 0, 0, 0, 0, 0, 0, 0, 0, 0, 0, 0
ch102, 0, 0, 0, 0, 0, 0, 0, 0, 0, 0, 0, 0
ch104, 0, 0, 0, 0, 0, 0, 0, 0, 0, 0, 0, 0
ch106, 0, 0, 0, 0, 0, 0, 0, 0, 0, 0, 0, 0
ch108, 0, 0, 0, 0, 0, 0, 0, 0, 0, 0, 0, 0
ch110, 0, 0, 0, 0, 0, 0, 0, 0, 0, 0, 0, 0
ch112, 0, 0, 0, 0, 0, 0, 0, 0, 0, 0, 0, 0
ch114, 0, 0, 0, 0, 0, 0, 0, 0, 0, 0, 0, 0
ch116, 0, 0, 0, 0, 0, 0, 0, 0, 0, 0, 0, 0
ch118, 0, 0, 0, 0, 0, 0, 0, 0, 0, 0, 0, 0
ch120, 0, 0, 0, 0, 0, 0, 0, 0, 0, 0, 0, 0
ch122, 0, 0, 0, 0, 0, 0, 0, 0, 0, 0, 0, 0
ch124, 0, 0, 0, 0, 0, 0, 0, 0, 0, 0, 0, 0
ch126, 0, 0, 0, 0, 0, 0, 0, 0, 0, 0, 0, 0
ch128, 0, 0, 0, 0, 0, 0, 0, 0, 0, 0, 0, 0
ch132, 0, 0, 0, 0, 0, 0, 0, 0, 0, 0, 0, 0
ch134, 0, 0, 0, 0, 0, 0, 0, 0, 0, 0, 0, 0
ch136, 0, 0, 0, 0, 0, 0, 0, 0, 0, 0, 0, 0
ch138, 0, 0, 0, 0, 0, 0, 0, 0, 0, 0, 0, 0
ch140, 0, 0, 0, 0, 0, 0, 0, 0, 0, 0, 0, 0
ch142, 0, 0, 0, 0, 0, 0, 0, 0, 0, 0, 0, 0
ch144, 0, 0, 0, 0, 0, 0, 0, 0, 0, 0, 0, 0
ch149, 26, 26, 26, 26, 26, 24, 24, 24, 22, 22, 22, 22
ch151, 26, 26, 26, 26, 26, 24, 24, 24, 22, 22, 22, 22
ch153, 26, 26, 26, 26, 26, 24, 24, 24, 22, 22, 22, 22
ch155, 26, 26, 26, 26, 26, 24, 24, 24, 22, 22, 22, 22
ch157, 26, 26, 26, 26, 26, 24, 24, 24, 22, 22, 22, 22
ch159, 26, 26, 26, 26, 26, 24, 24, 24, 22, 22, 22, 22
ch161, 26, 26, 26, 26, 26, 24, 24, 24, 22, 22, 22, 22
ch165, 26, 26, 26, 26, 26, 24, 24, 24, 22, 22, 22, 22
</ru26>

<ru52, m0, m1, m2, m3, m4, m5, m6, m7, m8, m9, m10, m11>
ch001, 21, 21, 21, 21, 21, 21, 21, 21, 21, 21, 21, 21
ch002, 22, 22, 22, 22, 22, 22, 22, 22, 22, 22, 22, 22
ch003, 22, 22, 22, 22, 22, 22, 22, 22, 22, 22, 22, 22
ch004, 22, 22, 22, 22, 22, 22, 22, 22, 22, 22, 22, 22
ch005, 22, 22, 22, 22, 22, 22, 22, 22, 22, 22, 22, 22
ch006, 22, 22, 22, 22, 22, 22, 22, 22, 22, 22, 22, 22
ch007, 22, 22, 22, 22, 22, 22, 22, 22, 22, 22, 22, 22
ch008, 22, 22, 22, 22, 22, 22, 22, 22, 22, 22, 22, 22
ch009, 22, 22, 22, 22, 22, 22, 22, 22, 22, 22, 22, 22
ch010, 22, 22, 22, 22, 22, 22, 22, 22, 22, 22, 22, 22
ch011, 22, 22, 22, 22, 22, 22, 22, 22, 22, 22, 22, 22
ch012, 22, 22, 22, 22, 22, 22, 22, 22, 22, 22, 22, 22
ch013, 6, 6, 6, 6, 6, 6, 6, 6, 6, 6, 6, 6
ch014, 0, 0, 0, 0, 0, 0, 0, 0, 0, 0, 0, 0
ch036, 26, 26, 26, 26, 26, 24, 24, 24, 22, 22, 22, 22
ch038, 26, 26, 26, 26, 26, 24, 24, 24, 22, 22, 22, 22
ch040, 26, 26, 26, 26, 26, 24, 24, 24, 22, 22, 22, 22
ch042, 26, 26, 26, 26, 26, 24, 24, 24, 22, 22, 22, 22
ch044, 26, 26, 26, 26, 26, 24, 24, 24, 22, 22, 22, 22
ch046, 26, 26, 26, 26, 26, 24, 24, 24, 22, 22, 22, 22
ch048, 26, 26, 26, 26, 26, 24, 24, 24, 22, 22, 22, 22
ch050, 22, 22, 22, 22, 22, 22, 22, 22, 22, 22, 22, 22
ch052, 22, 22, 22, 22, 22, 22, 22, 22, 22, 22, 22, 22
ch054, 22, 22, 22, 22, 22, 22, 22, 22, 22, 22, 22, 22
ch056, 22, 22, 22, 22, 22, 22, 22, 22, 22, 22, 22, 22
ch058, 22, 22, 22, 22, 22, 22, 22, 22, 22, 22, 22, 22
ch060, 22, 22, 22, 22, 22, 22, 22, 22, 22, 22, 22, 22
ch062, 22, 22, 22, 22, 22, 22, 22, 22, 22, 22, 22, 22
ch064, 22, 22, 22, 22, 22, 22, 22, 22, 22, 22, 22, 22
ch100, 0, 0, 0, 0, 0, 0, 0, 0, 0, 0, 0, 0
ch102, 0, 0, 0, 0, 0, 0, 0, 0, 0, 0, 0, 0
ch104, 0, 0, 0, 0, 0, 0, 0, 0, 0, 0, 0, 0
ch106, 0, 0, 0, 0, 0, 0, 0, 0, 0, 0, 0, 0
ch108, 0, 0, 0, 0, 0, 0, 0, 0, 0, 0, 0, 0
ch110, 0, 0, 0, 0, 0, 0, 0, 0, 0, 0, 0, 0
ch112, 0, 0, 0, 0, 0, 0, 0, 0, 0, 0, 0, 0
ch114, 0, 0, 0, 0, 0, 0, 0, 0, 0, 0, 0, 0
ch116, 0, 0, 0, 0, 0, 0, 0, 0, 0, 0, 0, 0
ch118, 0, 0, 0, 0, 0, 0, 0, 0, 0, 0, 0, 0
ch120, 0, 0, 0, 0, 0, 0, 0, 0, 0, 0, 0, 0
ch122, 0, 0, 0, 0, 0, 0, 0, 0, 0, 0, 0, 0
ch124, 0, 0, 0, 0, 0, 0, 0, 0, 0, 0, 0, 0
ch126, 0, 0, 0, 0, 0, 0, 0, 0, 0, 0, 0, 0
ch128, 0, 0, 0, 0, 0, 0, 0, 0, 0, 0, 0, 0
ch132, 0, 0, 0, 0, 0, 0, 0, 0, 0, 0, 0, 0
ch134, 0, 0, 0, 0, 0, 0, 0, 0, 0, 0, 0, 0
ch136, 0, 0, 0, 0, 0, 0, 0, 0, 0, 0, 0, 0
ch138, 0, 0, 0, 0, 0, 0, 0, 0, 0, 0, 0, 0
ch140, 0, 0, 0, 0, 0, 0, 0, 0, 0, 0, 0, 0
ch142, 0, 0, 0, 0, 0, 0, 0, 0, 0, 0, 0, 0
ch144, 0, 0, 0, 0, 0, 0, 0, 0, 0, 0, 0, 0
ch149, 26, 26, 26, 26, 26, 24, 24, 24, 22, 22, 22, 22
ch151, 26, 26, 26, 26, 26, 24, 24, 24, 22, 22, 22, 22
ch153, 26, 26, 26, 26, 26, 24, 24, 24, 22, 22, 22, 22
ch155, 26, 26, 26, 26, 26, 24, 24, 24, 22, 22, 22, 22
ch157, 26, 26, 26, 26, 26, 24, 24, 24, 22, 22, 22, 22
ch159, 26, 26, 26, 26, 26, 24, 24, 24, 22, 22, 22, 22
ch161, 26, 26, 26, 26, 26, 24, 24, 24, 22, 22, 22, 22
ch165, 26, 26, 26, 26, 26, 24, 24, 24, 22, 22, 22, 22
</ru52>

<ru106, m0, m1, m2, m3, m4, m5, m6, m7, m8, m9, m10, m11>
ch001, 21, 21, 21, 21, 21, 21, 21, 21, 21, 21, 21, 21
ch002, 22, 22, 22, 22, 22, 22, 22, 22, 22, 22, 22, 22
ch003, 22, 22, 22, 22, 22, 22, 22, 22, 22, 22, 22, 22
ch004, 22, 22, 22, 22, 22, 22, 22, 22, 22, 22, 22, 22
ch005, 22, 22, 22, 22, 22, 22, 22, 22, 22, 22, 22, 22
ch006, 22, 22, 22, 22, 22, 22, 22, 22, 22, 22, 22, 22
ch007, 22, 22, 22, 22, 22, 22, 22, 22, 22, 22, 22, 22
ch008, 22, 22, 22, 22, 22, 22, 22, 22, 22, 22, 22, 22
ch009, 22, 22, 22, 22, 22, 22, 22, 22, 22, 22, 22, 22
ch010, 22, 22, 22, 22, 22, 22, 22, 22, 22, 22, 22, 22
ch011, 22, 22, 22, 22, 22, 22, 22, 22, 22, 22, 22, 22
ch012, 22, 22, 22, 22, 22, 22, 22, 22, 22, 22, 22, 22
ch013, 6, 6, 6, 6, 6, 6, 6, 6, 6, 6, 6, 6
ch014, 0, 0, 0, 0, 0, 0, 0, 0, 0, 0, 0, 0
ch036, 26, 26, 26, 26, 26, 24, 24, 24, 22, 22, 22, 22
ch038, 26, 26, 26, 26, 26, 24, 24, 24, 22, 22, 22, 22
ch040, 26, 26, 26, 26, 26, 24, 24, 24, 22, 22, 22, 22
ch042, 26, 26, 26, 26, 26, 24, 24, 24, 22, 22, 22, 22
ch044, 26, 26, 26, 26, 26, 24, 24, 24, 22, 22, 22, 22
ch046, 26, 26, 26, 26, 26, 24, 24, 24, 22, 22, 22, 22
ch048, 26, 26, 26, 26, 26, 24, 24, 24, 22, 22, 22, 22
ch050, 22, 22, 22, 22, 22, 22, 22, 22, 22, 22, 22, 22
ch052, 22, 22, 22, 22, 22, 22, 22, 22, 22, 22, 22, 22
ch054, 22, 22, 22, 22, 22, 22, 22, 22, 22, 22, 22, 22
ch056, 22, 22, 22, 22, 22, 22, 22, 22, 22, 22, 22, 22
ch058, 22, 22, 22, 22, 22, 22, 22, 22, 22, 22, 22, 22
ch060, 22, 22, 22, 22, 22, 22, 22, 22, 22, 22, 22, 22
ch062, 22, 22, 22, 22, 22, 22, 22, 22, 22, 22, 22, 22
ch064, 22, 22, 22, 22, 22, 22, 22, 22, 22, 22, 22, 22
ch100, 0, 0, 0, 0, 0, 0, 0, 0, 0, 0, 0, 0
ch102, 0, 0, 0, 0, 0, 0, 0, 0, 0, 0, 0, 0
ch104, 0, 0, 0, 0, 0, 0, 0, 0, 0, 0, 0, 0
ch106, 0, 0, 0, 0, 0, 0, 0, 0, 0, 0, 0, 0
ch108, 0, 0, 0, 0, 0, 0, 0, 0, 0, 0, 0, 0
ch110, 0, 0, 0, 0, 0, 0, 0, 0, 0, 0, 0, 0
ch112, 0, 0, 0, 0, 0, 0, 0, 0, 0, 0, 0, 0
ch114, 0, 0, 0, 0, 0, 0, 0, 0, 0, 0, 0, 0
ch116, 0, 0, 0, 0, 0, 0, 0, 0, 0, 0, 0, 0
ch118, 0, 0, 0, 0, 0, 0, 0, 0, 0, 0, 0, 0
ch120, 0, 0, 0, 0, 0, 0, 0, 0, 0, 0, 0, 0
ch122, 0, 0, 0, 0, 0, 0, 0, 0, 0, 0, 0, 0
ch124, 0, 0, 0, 0, 0, 0, 0, 0, 0, 0, 0, 0
ch126, 0, 0, 0, 0, 0, 0, 0, 0, 0, 0, 0, 0
ch128, 0, 0, 0, 0, 0, 0, 0, 0, 0, 0, 0, 0
ch132, 0, 0, 0, 0, 0, 0, 0, 0, 0, 0, 0, 0
ch134, 0, 0, 0, 0, 0, 0, 0, 0, 0, 0, 0, 0
ch136, 0, 0, 0, 0, 0, 0, 0, 0, 0, 0, 0, 0
ch138, 0, 0, 0, 0, 0, 0, 0, 0, 0, 0, 0, 0
ch140, 0, 0, 0, 0, 0, 0, 0, 0, 0, 0, 0, 0
ch142, 0, 0, 0, 0, 0, 0, 0, 0, 0, 0, 0, 0
ch144, 0, 0, 0, 0, 0, 0, 0, 0, 0, 0, 0, 0
ch149, 26, 26, 26, 26, 26, 24, 24, 24, 22, 22, 22, 22
ch151, 26, 26, 26, 26, 26, 24, 24, 24, 22, 22, 22, 22
ch153, 26, 26, 26, 26, 26, 24, 24, 24, 22, 22, 22, 22
ch155, 26, 26, 26, 26, 26, 24, 24, 24, 22, 22, 22, 22
ch157, 26, 26, 26, 26, 26, 24, 24, 24, 22, 22, 22, 22
ch159, 26, 26, 26, 26, 26, 24, 24, 24, 22, 22, 22, 22
ch161, 26, 26, 26, 26, 26, 24, 24, 24, 22, 22, 22, 22
ch165, 26, 26, 26, 26, 26, 24, 24, 24, 22, 22, 22, 22
</ru106>

<ru242, m0, m1, m2, m3, m4, m5, m6, m7, m8, m9, m10, m11>
ch001, 21, 21, 21, 21, 21, 21, 21, 21, 21, 21, 21, 21
ch002, 22, 22, 22, 22, 22, 22, 22, 22, 22, 22, 22, 22
ch003, 22, 22, 22, 22, 22, 22, 22, 22, 22, 22, 22, 22
ch004, 22, 22, 22, 22, 22, 22, 22, 22, 22, 22, 22, 22
ch005, 22, 22, 22, 22, 22, 22, 22, 22, 22, 22, 22, 22
ch006, 22, 22, 22, 22, 22, 22, 22, 22, 22, 22, 22, 22
ch007, 22, 22, 22, 22, 22, 22, 22, 22, 22, 22, 22, 22
ch008, 22, 22, 22, 22, 22, 22, 22, 22, 22, 22, 22, 22
ch009, 22, 22, 22, 22, 22, 22, 22, 22, 22, 22, 22, 22
ch010, 22, 22, 22, 22, 22, 22, 22, 22, 22, 22, 22, 22
ch011, 22, 22, 22, 22, 22, 22, 22, 22, 22, 22, 22, 22
ch012, 22, 22, 22, 22, 22, 22, 22, 22, 22, 22, 22, 22
ch013, 6, 6, 6, 6, 6, 6, 6, 6, 6, 6, 6, 6
ch014, 0, 0, 0, 0, 0, 0, 0, 0, 0, 0, 0, 0
ch036, 26, 26, 26, 26, 26, 24, 24, 24, 22, 22, 22, 22
ch038, 26, 26, 26, 26, 26, 24, 24, 24, 22, 22, 22, 22
ch040, 26, 26, 26, 26, 26, 24, 24, 24, 22, 22, 22, 22
ch042, 26, 26, 26, 26, 26, 24, 24, 24, 22, 22, 22, 22
ch044, 26, 26, 26, 26, 26, 24, 24, 24, 22, 22, 22, 22
ch046, 26, 26, 26, 26, 26, 24, 24, 24, 22, 22, 22, 22
ch048, 26, 26, 26, 26, 26, 24, 24, 24, 22, 22, 22, 22
ch050, 22, 22, 22, 22, 22, 22, 22, 22, 22, 22, 22, 22
ch052, 22, 22, 22, 22, 22, 22, 22, 22, 22, 22, 22, 22
ch054, 22, 22, 22, 22, 22, 22, 22, 22, 22, 22, 22, 22
ch056, 22, 22, 22, 22, 22, 22, 22, 22, 22, 22, 22, 22
ch058, 22, 22, 22, 22, 22, 22, 22, 22, 22, 22, 22, 22
ch060, 22, 22, 22, 22, 22, 22, 22, 22, 22, 22, 22, 22
ch062, 22, 22, 22, 22, 22, 22, 22, 22, 22, 22, 22, 22
ch064, 22, 22, 22, 22, 22, 22, 22, 22, 22, 22, 22, 22
ch100, 0, 0, 0, 0, 0, 0, 0, 0, 0, 0, 0, 0
ch102, 0, 0, 0, 0, 0, 0, 0, 0, 0, 0, 0, 0
ch104, 0, 0, 0, 0, 0, 0, 0, 0, 0, 0, 0, 0
ch106, 0, 0, 0, 0, 0, 0, 0, 0, 0, 0, 0, 0
ch108, 0, 0, 0, 0, 0, 0, 0, 0, 0, 0, 0, 0
ch110, 0, 0, 0, 0, 0, 0, 0, 0, 0, 0, 0, 0
ch112, 0, 0, 0, 0, 0, 0, 0, 0, 0, 0, 0, 0
ch114, 0, 0, 0, 0, 0, 0, 0, 0, 0, 0, 0, 0
ch116, 0, 0, 0, 0, 0, 0, 0, 0, 0, 0, 0, 0
ch118, 0, 0, 0, 0, 0, 0, 0, 0, 0, 0, 0, 0
ch120, 0, 0, 0, 0, 0, 0, 0, 0, 0, 0, 0, 0
ch122, 0, 0, 0, 0, 0, 0, 0, 0, 0, 0, 0, 0
ch124, 0, 0, 0, 0, 0, 0, 0, 0, 0, 0, 0, 0
ch126, 0, 0, 0, 0, 0, 0, 0, 0, 0, 0, 0, 0
ch128, 0, 0, 0, 0, 0, 0, 0, 0, 0, 0, 0, 0
ch132, 0, 0, 0, 0, 0, 0, 0, 0, 0, 0, 0, 0
ch134, 0, 0, 0, 0, 0, 0, 0, 0, 0, 0, 0, 0
ch136, 0, 0, 0, 0, 0, 0, 0, 0, 0, 0, 0, 0
ch138, 0, 0, 0, 0, 0, 0, 0, 0, 0, 0, 0, 0
ch140, 0, 0, 0, 0, 0, 0, 0, 0, 0, 0, 0, 0
ch142, 0, 0, 0, 0, 0, 0, 0, 0, 0, 0, 0, 0
ch144, 0, 0, 0, 0, 0, 0, 0, 0, 0, 0, 0, 0
ch149, 26, 26, 26, 26, 26, 24, 24, 24, 22, 22, 22, 22
ch151, 26, 26, 26, 26, 26, 24, 24, 24, 22, 22, 22, 22
ch153, 26, 26, 26, 26, 26, 24, 24, 24, 22, 22, 22, 22
ch155, 26, 26, 26, 26, 26, 24, 24, 24, 22, 22, 22, 22
ch157, 26, 26, 26, 26, 26, 24, 24, 24, 22, 22, 22, 22
ch159, 26, 26, 26, 26, 26, 24, 24, 24, 22, 22, 22, 22
ch161, 26, 26, 26, 26, 26, 24, 24, 24, 22, 22, 22, 22
ch165, 26, 26, 26, 26, 26, 24, 24, 24, 22, 22, 22, 22
</ru242>

<ru484, m0, m1, m2, m3, m4, m5, m6, m7, m8, m9, m10, m11>
ch038, 26, 26, 26, 26, 26, 24, 24, 24, 22, 22, 22, 22
ch042, 26, 26, 26, 26, 26, 24, 24, 24, 22, 22, 22, 22
ch046, 26, 26, 26, 26, 26, 24, 24, 24, 22, 22, 22, 22
ch050, 23, 23, 23, 23, 23, 23, 23, 23, 22, 22, 22, 22
ch054, 23, 23, 23, 23, 23, 23, 23, 23, 22, 22, 22, 22
ch058, 23, 23, 23, 23, 23, 23, 23, 23, 22, 22, 22, 22
ch062, 24, 24, 24, 24, 24, 24, 24, 24, 22, 22, 22, 22
ch102, 0, 0, 0, 0, 0, 0, 0, 0, 0, 0, 0, 0
ch106, 0, 0, 0, 0, 0, 0, 0, 0, 0, 0, 0, 0
ch110, 0, 0, 0, 0, 0, 0, 0, 0, 0, 0, 0, 0
ch114, 0, 0, 0, 0, 0, 0, 0, 0, 0, 0, 0, 0
ch118, 0, 0, 0, 0, 0, 0, 0, 0, 0, 0, 0, 0
ch122, 0, 0, 0, 0, 0, 0, 0, 0, 0, 0, 0, 0
ch126, 0, 0, 0, 0, 0, 0, 0, 0, 0, 0, 0, 0
ch134, 0, 0, 0, 0, 0, 0, 0, 0, 0, 0, 0, 0
ch138, 0, 0, 0, 0, 0, 0, 0, 0, 0, 0, 0, 0
ch142, 0, 0, 0, 0, 0, 0, 0, 0, 0, 0, 0, 0
ch151, 26, 26, 26, 26, 26, 24, 24, 24, 22, 22, 22, 22
ch155, 26, 26, 26, 26, 26, 24, 24, 24, 22, 22, 22, 22
ch159, 26, 26, 26, 26, 26, 24, 24, 24, 22, 22, 22, 22
</ru484>

<ru996, m0, m1, m2, m3, m4, m5, m6, m7, m8, m9, m10, m11>
ch042, 26, 26, 26, 26, 26, 24, 24, 24, 22, 22, 22, 22
ch050, 24, 24, 24, 24, 24, 24, 24, 24, 22, 22, 22, 22
ch058, 24, 24, 24, 24, 24, 24, 24, 24, 22, 22, 22, 22
ch106, 0, 0, 0, 0, 0, 0, 0, 0, 0, 0, 0, 0
ch114, 0, 0, 0, 0, 0, 0, 0, 0, 0, 0, 0, 0
ch122, 0, 0, 0, 0, 0, 0, 0, 0, 0, 0, 0, 0
ch138, 0, 0, 0, 0, 0, 0, 0, 0, 0, 0, 0, 0
ch155, 24, 24, 24, 24, 24, 24, 24, 24, 22, 22, 22, 22
</ru996>

[JP]
<cck, c1, c2, c5, c11>
ch001, 30, 30, 30, 30
ch002, 30, 30, 30, 30
ch003, 30, 30, 30, 30
ch004, 30, 30, 30, 30
ch005, 30, 30, 30, 30
ch006, 30, 30, 30, 30
ch007, 30, 30, 30, 30
ch008, 30, 30, 30, 30
ch009, 30, 30, 30, 30
ch010, 30, 30, 30, 30
ch011, 30, 30, 30, 30
ch012, 30, 30, 30, 30
ch013, 30, 30, 30, 30
ch014, 0, 0, 0, 0
</cck>

<ofdm, o6, o9, o12, o18, o24, o36, o48, o54>
ch001, 30, 30, 30, 30, 28, 28, 28, 28
ch002, 30, 30, 30, 30, 28, 28, 28, 28
ch003, 30, 30, 30, 30, 28, 28, 28, 28
ch004, 30, 30, 30, 30, 28, 28, 28, 28
ch005, 30, 30, 30, 30, 28, 28, 28, 28
ch006, 30, 30, 30, 30, 28, 28, 28, 28
ch007, 30, 30, 30, 30, 28, 28, 28, 28
ch008, 30, 30, 30, 30, 28, 28, 28, 28
ch009, 30, 30, 30, 30, 28, 28, 28, 28
ch010, 30, 30, 30, 30, 28, 28, 28, 28
ch011, 30, 30, 30, 30, 28, 28, 28, 28
ch012, 30, 30, 30, 30, 28, 28, 28, 28
ch013, 30, 30, 30, 30, 28, 28, 28, 28
ch014, 0, 0, 0, 0, 0, 0, 0, 0
ch036, 26, 26, 26, 26, 24, 24, 24, 24
ch038, 26, 26, 26, 26, 24, 24, 24, 24
ch040, 26, 26, 26, 26, 24, 24, 24, 24
ch042, 26, 26, 26, 26, 24, 24, 24, 24
ch044, 26, 26, 26, 26, 24, 24, 24, 24
ch046, 26, 26, 26, 26, 24, 24, 24, 24
ch048, 26, 26, 26, 26, 24, 24, 24, 24
ch050, 26, 26, 26, 26, 24, 24, 24, 24
ch052, 26, 26, 26, 26, 24, 24, 24, 24
ch054, 26, 26, 26, 26, 24, 24, 24, 24
ch056, 26, 26, 26, 26, 24, 24, 24, 24
ch058, 26, 26, 26, 26, 24, 24, 24, 24
ch060, 26, 26, 26, 26, 24, 24, 24, 24
ch062, 26, 26, 26, 26, 24, 24, 24, 24
ch064, 26, 26, 26, 26, 24, 24, 24, 24
ch100, 26, 26, 26, 26, 24, 24, 24, 24
ch102, 26, 26, 26, 26, 24, 24, 24, 24
ch104, 26, 26, 26, 26, 24, 24, 24, 24
ch106, 26, 26, 26, 26, 24, 24, 24, 24
ch108, 26, 26, 26, 26, 24, 24, 24, 24
ch110, 26, 26, 26, 26, 24, 24, 24, 24
ch112, 26, 26, 26, 26, 24, 24, 24, 24
ch114, 26, 26, 26, 26, 24, 24, 24, 24
ch116, 26, 26, 26, 26, 24, 24, 24, 24
ch118, 26, 26, 26, 26, 24, 24, 24, 24
ch120, 26, 26, 26, 26, 24, 24, 24, 24
ch122, 26, 26, 26, 26, 24, 24, 24, 24
ch124, 26, 26, 26, 26, 24, 24, 24, 24
ch126, 26, 26, 26, 26, 24, 24, 24, 24
ch128, 26, 26, 26, 26, 24, 24, 24, 24
ch132, 26, 26, 26, 26, 24, 24, 24, 24
ch134, 26, 26, 26, 26, 24, 24, 24, 24
ch136, 26, 26, 26, 26, 24, 24, 24, 24
ch138, 26, 26, 26, 26, 24, 24, 24, 24
ch140, 26, 26, 26, 26, 24, 24, 24, 24
ch142, 26, 26, 26, 26, 24, 24, 24, 24
ch144, 26, 26, 26, 26, 24, 24, 24, 24
ch149, 0, 0, 0, 0, 0, 0, 0, 0
ch151, 0, 0, 0, 0, 0, 0, 0, 0
ch153, 0, 0, 0, 0, 0, 0, 0, 0
ch155, 0, 0, 0, 0, 0, 0, 0, 0
ch157, 0, 0, 0, 0, 0, 0, 0, 0
ch159, 0, 0, 0, 0, 0, 0, 0, 0
ch161, 0, 0, 0, 0, 0, 0, 0, 0
ch165, 0, 0, 0, 0, 0, 0, 0, 0
</ofdm>

<ht20, m0, m1, m2, m3, m4, m5, m6, m7>
ch001, 30, 30, 30, 30, 30, 28, 28, 28
ch002, 30, 30, 30, 30, 30, 28, 28, 28
ch003, 30, 30, 30, 30, 30, 28, 28, 28
ch004, 30, 30, 30, 30, 30, 28, 28, 28
ch005, 30, 30, 30, 30, 30, 28, 28, 28
ch006, 30, 30, 30, 30, 30, 28, 28, 28
ch007, 30, 30, 30, 30, 30, 28, 28, 28
ch008, 30, 30, 30, 30, 30, 28, 28, 28
ch009, 30, 30, 30, 30, 30, 28, 28, 28
ch010, 30, 30, 30, 30, 30, 28, 28, 28
ch011, 30, 30, 30, 30, 30, 28, 28, 28
ch012, 30, 30, 30, 30, 30, 28, 28, 28
ch013, 30, 30, 30, 30, 30, 28, 28, 28
ch014, 0, 0, 0, 0, 0, 0, 0, 0
ch036, 26, 26, 26, 26, 26, 24, 24, 24
ch038, 26, 26, 26, 26, 26, 24, 24, 24
ch040, 26, 26, 26, 26, 26, 24, 24, 24
ch042, 26, 26, 26, 26, 26, 24, 24, 24
ch044, 26, 26, 26, 26, 26, 24, 24, 24
ch046, 26, 26, 26, 26, 26, 24, 24, 24
ch048, 26, 26, 26, 26, 26, 24, 24, 24
ch050, 26, 26, 26, 26, 26, 24, 24, 24
ch052, 26, 26, 26, 26, 26, 24, 24, 24
ch054, 26, 26, 26, 26, 26, 24, 24, 24
ch056, 26, 26, 26, 26, 26, 24, 24, 24
ch058, 26, 26, 26, 26, 26, 24, 24, 24
ch060, 26, 26, 26, 26, 26, 24, 24, 24
ch062, 26, 26, 26, 26, 26, 24, 24, 24
ch064, 26, 26, 26, 26, 26, 24, 24, 24
ch100, 26, 26, 26, 26, 26, 24, 24, 24
ch102, 26, 26, 26, 26, 26, 24, 24, 24
ch104, 26, 26, 26, 26, 26, 24, 24, 24
ch106, 26, 26, 26, 26, 26, 24, 24, 24
ch108, 26, 26, 26, 26, 26, 24, 24, 24
ch110, 26, 26, 26, 26, 26, 24, 24, 24
ch112, 26, 26, 26, 26, 26, 24, 24, 24
ch114, 26, 26, 26, 26, 26, 24, 24, 24
ch116, 26, 26, 26, 26, 26, 24, 24, 24
ch118, 26, 26, 26, 26, 26, 24, 24, 24
ch120, 26, 26, 26, 26, 26, 24, 24, 24
ch122, 26, 26, 26, 26, 26, 24, 24, 24
ch124, 26, 26, 26, 26, 26, 24, 24, 24
ch126, 26, 26, 26, 26, 26, 24, 24, 24
ch128, 26, 26, 26, 26, 26, 24, 24, 24
ch132, 26, 26, 26, 26, 26, 24, 24, 24
ch134, 26, 26, 26, 26, 26, 24, 24, 24
ch136, 26, 26, 26, 26, 26, 24, 24, 24
ch138, 26, 26, 26, 26, 26, 24, 24, 24
ch140, 26, 26, 26, 26, 26, 24, 24, 24
ch142, 26, 26, 26, 26, 26, 24, 24, 24
ch144, 26, 26, 26, 26, 26, 24, 24, 24
ch149, 0, 0, 0, 0, 0, 0, 0, 0
ch151, 0, 0, 0, 0, 0, 0, 0, 0
ch153, 0, 0, 0, 0, 0, 0, 0, 0
ch155, 0, 0, 0, 0, 0, 0, 0, 0
ch157, 0, 0, 0, 0, 0, 0, 0, 0
ch159, 0, 0, 0, 0, 0, 0, 0, 0
ch161, 0, 0, 0, 0, 0, 0, 0, 0
ch165, 0, 0, 0, 0, 0, 0, 0, 0
</ht20>

<ht40, m0, m1, m2, m3, m4, m5, m6, m7, m32>
ch038, 26, 26, 26, 26, 26, 24, 24, 24, 0
ch042, 26, 26, 26, 26, 26, 24, 24, 24, 0
ch046, 26, 26, 26, 26, 26, 24, 24, 24, 0
ch050, 26, 26, 26, 26, 26, 24, 24, 24, 0
ch054, 26, 26, 26, 26, 26, 24, 24, 24, 0
ch058, 26, 26, 26, 26, 26, 24, 24, 24, 0
ch062, 26, 26, 26, 26, 26, 24, 24, 24, 0
ch102, 26, 26, 26, 26, 26, 24, 24, 24, 0
ch106, 26, 26, 26, 26, 26, 24, 24, 24, 0
ch110, 26, 26, 26, 26, 26, 24, 24, 24, 0
ch114, 26, 26, 26, 26, 26, 24, 24, 24, 0
ch118, 26, 26, 26, 26, 26, 24, 24, 24, 0
ch122, 26, 26, 26, 26, 26, 24, 24, 24, 0
ch126, 26, 26, 26, 26, 26, 24, 24, 24, 0
ch134, 26, 26, 26, 26, 26, 24, 24, 24, 0
ch138, 26, 26, 26, 26, 26, 24, 24, 24, 0
ch142, 26, 26, 26, 26, 26, 24, 24, 24, 0
ch151, 0, 0, 0, 0, 0, 0, 0, 0, 0
ch155, 0, 0, 0, 0, 0, 0, 0, 0, 0
ch159, 0, 0, 0, 0, 0, 0, 0, 0, 0
</ht40>

<vht20, m0, m1, m2, m3, m4, m5, m6, m7, m8, m9>
ch001, 30, 30, 30, 30, 30, 28, 28, 28, 26, 0
ch002, 30, 30, 30, 30, 30, 28, 28, 28, 26, 0
ch003, 30, 30, 30, 30, 30, 28, 28, 28, 26, 0
ch004, 30, 30, 30, 30, 30, 28, 28, 28, 26, 0
ch005, 30, 30, 30, 30, 30, 28, 28, 28, 26, 0
ch006, 30, 30, 30, 30, 30, 28, 28, 28, 26, 0
ch007, 30, 30, 30, 30, 30, 28, 28, 28, 26, 0
ch008, 30, 30, 30, 30, 30, 28, 28, 28, 26, 0
ch009, 30, 30, 30, 30, 30, 28, 28, 28, 26, 0
ch010, 30, 30, 30, 30, 30, 28, 28, 28, 26, 0
ch011, 30, 30, 30, 30, 30, 28, 28, 28, 26, 0
ch012, 30, 30, 30, 30, 30, 28, 28, 28, 26, 0
ch013, 30, 30, 30, 30, 30, 28, 28, 28, 26, 0
ch014, 0, 0, 0, 0, 0, 0, 0, 0, 0, 0
ch036, 26, 26, 26, 26, 26, 24, 24, 24, 22, 0
ch038, 26, 26, 26, 26, 26, 24, 24, 24, 22, 0
ch040, 26, 26, 26, 26, 26, 24, 24, 24, 22, 0
ch042, 26, 26, 26, 26, 26, 24, 24, 24, 22, 0
ch044, 26, 26, 26, 26, 26, 24, 24, 24, 22, 0
ch046, 26, 26, 26, 26, 26, 24, 24, 24, 22, 0
ch048, 26, 26, 26, 26, 26, 24, 24, 24, 22, 0
ch050, 26, 26, 26, 26, 26, 24, 24, 24, 22, 0
ch052, 26, 26, 26, 26, 26, 24, 24, 24, 22, 0
ch054, 26, 26, 26, 26, 26, 24, 24, 24, 22, 0
ch056, 26, 26, 26, 26, 26, 24, 24, 24, 22, 0
ch058, 26, 26, 26, 26, 26, 24, 24, 24, 22, 0
ch060, 26, 26, 26, 26, 26, 24, 24, 24, 22, 0
ch062, 26, 26, 26, 26, 26, 24, 24, 24, 22, 0
ch064, 26, 26, 26, 26, 26, 24, 24, 24, 22, 0
ch100, 26, 26, 26, 26, 26, 24, 24, 24, 22, 0
ch102, 26, 26, 26, 26, 26, 24, 24, 24, 22, 0
ch104, 26, 26, 26, 26, 26, 24, 24, 24, 22, 0
ch106, 26, 26, 26, 26, 26, 24, 24, 24, 22, 0
ch108, 26, 26, 26, 26, 26, 24, 24, 24, 22, 0
ch110, 26, 26, 26, 26, 26, 24, 24, 24, 22, 0
ch112, 26, 26, 26, 26, 26, 24, 24, 24, 22, 0
ch114, 26, 26, 26, 26, 26, 24, 24, 24, 22, 0
ch116, 26, 26, 26, 26, 26, 24, 24, 24, 22, 0
ch118, 26, 26, 26, 26, 26, 24, 24, 24, 22, 0
ch120, 26, 26, 26, 26, 26, 24, 24, 24, 22, 0
ch122, 26, 26, 26, 26, 26, 24, 24, 24, 22, 0
ch124, 26, 26, 26, 26, 26, 24, 24, 24, 22, 0
ch126, 26, 26, 26, 26, 26, 24, 24, 24, 22, 0
ch128, 26, 26, 26, 26, 26, 24, 24, 24, 22, 0
ch132, 26, 26, 26, 26, 26, 24, 24, 24, 22, 0
ch134, 26, 26, 26, 26, 26, 24, 24, 24, 22, 0
ch136, 26, 26, 26, 26, 26, 24, 24, 24, 22, 0
ch138, 26, 26, 26, 26, 26, 24, 24, 24, 22, 0
ch140, 26, 26, 26, 26, 26, 24, 24, 24, 22, 0
ch142, 26, 26, 26, 26, 26, 24, 24, 24, 22, 0
ch144, 26, 26, 26, 26, 26, 24, 24, 24, 22, 0
ch149, 0, 0, 0, 0, 0, 0, 0, 0, 0, 0
ch151, 0, 0, 0, 0, 0, 0, 0, 0, 0, 0
ch153, 0, 0, 0, 0, 0, 0, 0, 0, 0, 0
ch155, 0, 0, 0, 0, 0, 0, 0, 0, 0, 0
ch157, 0, 0, 0, 0, 0, 0, 0, 0, 0, 0
ch159, 0, 0, 0, 0, 0, 0, 0, 0, 0, 0
ch161, 0, 0, 0, 0, 0, 0, 0, 0, 0, 0
ch165, 0, 0, 0, 0, 0, 0, 0, 0, 0, 0
</vht20>

<vht40, m0, m1, m2, m3, m4, m5, m6, m7, m8, m9>
ch038, 26, 26, 26, 26, 26, 24, 24, 24, 22, 22
ch042, 26, 26, 26, 26, 26, 24, 24, 24, 22, 22
ch046, 26, 26, 26, 26, 26, 24, 24, 24, 22, 22
ch050, 26, 26, 26, 26, 26, 24, 24, 24, 22, 22
ch054, 26, 26, 26, 26, 26, 24, 24, 24, 22, 22
ch058, 26, 26, 26, 26, 26, 24, 24, 24, 22, 22
ch062, 26, 26, 26, 26, 26, 24, 24, 24, 22, 22
ch102, 26, 26, 26, 26, 26, 24, 24, 24, 22, 22
ch106, 26, 26, 26, 26, 26, 24, 24, 24, 22, 22
ch110, 26, 26, 26, 26, 26, 24, 24, 24, 22, 22
ch114, 26, 26, 26, 26, 26, 24, 24, 24, 22, 22
ch118, 26, 26, 26, 26, 26, 24, 24, 24, 22, 22
ch122, 26, 26, 26, 26, 26, 24, 24, 24, 22, 22
ch126, 26, 26, 26, 26, 26, 24, 24, 24, 22, 22
ch134, 26, 26, 26, 26, 26, 24, 24, 24, 22, 22
ch138, 26, 26, 26, 26, 26, 24, 24, 24, 22, 22
ch142, 26, 26, 26, 26, 26, 24, 24, 24, 22, 22
ch151, 0, 0, 0, 0, 0, 0, 0, 0, 0, 0
ch155, 0, 0, 0, 0, 0, 0, 0, 0, 0, 0
ch159, 0, 0, 0, 0, 0, 0, 0, 0, 0, 0
</vht40>

<vht80, m0, m1, m2, m3, m4, m5, m6, m7, m8, m9>
ch042, 26, 26, 26, 26, 26, 24, 24, 24, 22, 22
ch050, 26, 26, 26, 26, 26, 24, 24, 24, 22, 22
ch058, 26, 26, 26, 26, 26, 24, 24, 24, 22, 22
ch106, 26, 26, 26, 26, 26, 24, 24, 24, 22, 22
ch114, 26, 26, 26, 26, 26, 24, 24, 24, 22, 22
ch122, 26, 26, 26, 26, 26, 24, 24, 24, 22, 22
ch138, 26, 26, 26, 26, 26, 24, 24, 24, 22, 22
ch155, 0, 0, 0, 0, 0, 0, 0, 0, 0, 0
</vht80>

<ru26, m0, m1, m2, m3, m4, m5, m6, m7, m8, m9, m10, m11>
ch001, 11, 11, 11, 11, 11, 9, 9, 9, 7, 7, 7, 7
ch002, 11, 11, 11, 11, 11, 9, 9, 9, 7, 7, 7, 7
ch003, 11, 11, 11, 11, 11, 9, 9, 9, 7, 7, 7, 7
ch004, 11, 11, 11, 11, 11, 9, 9, 9, 7, 7, 7, 7
ch005, 11, 11, 11, 11, 11, 9, 9, 9, 7, 7, 7, 7
ch006, 11, 11, 11, 11, 11, 9, 9, 9, 7, 7, 7, 7
ch007, 11, 11, 11, 11, 11, 9, 9, 9, 7, 7, 7, 7
ch008, 11, 11, 11, 11, 11, 9, 9, 9, 7, 7, 7, 7
ch009, 11, 11, 11, 11, 11, 9, 9, 9, 7, 7, 7, 7
ch010, 11, 11, 11, 11, 11, 9, 9, 9, 7, 7, 7, 7
ch011, 11, 11, 11, 11, 11, 9, 9, 9, 7, 7, 7, 7
ch012, 11, 11, 11, 11, 11, 9, 9, 9, 7, 7, 7, 7
ch013, 11, 11, 11, 11, 11, 9, 9, 9, 7, 7, 7, 7
ch014, 0, 0, 0, 0, 0, 0, 0, 0, 0, 0, 0, 0
ch036, 7, 7, 7, 7, 7, 5, 5, 5, 3, 3, 3, 3
ch038, 7, 7, 7, 7, 7, 5, 5, 5, 3, 3, 3, 3
ch040, 7, 7, 7, 7, 7, 5, 5, 5, 3, 3, 3, 3
ch042, 7, 7, 7, 7, 7, 5, 5, 5, 3, 3, 3, 3
ch044, 7, 7, 7, 7, 7, 5, 5, 5, 3, 3, 3, 3
ch046, 7, 7, 7, 7, 7, 5, 5, 5, 3, 3, 3, 3
ch048, 7, 7, 7, 7, 7, 5, 5, 5, 3, 3, 3, 3
ch050, 7, 7, 7, 7, 7, 5, 5, 5, 3, 3, 3, 3
ch052, 7, 7, 7, 7, 7, 5, 5, 5, 3, 3, 3, 3
ch054, 7, 7, 7, 7, 7, 5, 5, 5, 3, 3, 3, 3
ch056, 7, 7, 7, 7, 7, 5, 5, 5, 3, 3, 3, 3
ch058, 7, 7, 7, 7, 7, 5, 5, 5, 3, 3, 3, 3
ch060, 7, 7, 7, 7, 7, 5, 5, 5, 3, 3, 3, 3
ch062, 7, 7, 7, 7, 7, 5, 5, 5, 3, 3, 3, 3
ch064, 7, 7, 7, 7, 7, 5, 5, 5, 3, 3, 3, 3
ch100, 7, 7, 7, 7, 7, 5, 5, 5, 3, 3, 3, 3
ch102, 7, 7, 7, 7, 7, 5, 5, 5, 3, 3, 3, 3
ch104, 7, 7, 7, 7, 7, 5, 5, 5, 3, 3, 3, 3
ch106, 7, 7, 7, 7, 7, 5, 5, 5, 3, 3, 3, 3
ch108, 7, 7, 7, 7, 7, 5, 5, 5, 3, 3, 3, 3
ch110, 7, 7, 7, 7, 7, 5, 5, 5, 3, 3, 3, 3
ch112, 7, 7, 7, 7, 7, 5, 5, 5, 3, 3, 3, 3
ch114, 7, 7, 7, 7, 7, 5, 5, 5, 3, 3, 3, 3
ch116, 7, 7, 7, 7, 7, 5, 5, 5, 3, 3, 3, 3
ch118, 7, 7, 7, 7, 7, 5, 5, 5, 3, 3, 3, 3
ch120, 7, 7, 7, 7, 7, 5, 5, 5, 3, 3, 3, 3
ch122, 7, 7, 7, 7, 7, 5, 5, 5, 3, 3, 3, 3
ch124, 7, 7, 7, 7, 7, 5, 5, 5, 3, 3, 3, 3
ch126, 7, 7, 7, 7, 7, 5, 5, 5, 3, 3, 3, 3
ch128, 7, 7, 7, 7, 7, 5, 5, 5, 3, 3, 3, 3
ch132, 7, 7, 7, 7, 7, 5, 5, 5, 3, 3, 3, 3
ch134, 7, 7, 7, 7, 7, 5, 5, 5, 3, 3, 3, 3
ch136, 7, 7, 7, 7, 7, 5, 5, 5, 3, 3, 3, 3
ch138, 7, 7, 7, 7, 7, 5, 5, 5, 3, 3, 3, 3
ch140, 7, 7, 7, 7, 7, 5, 5, 5, 3, 3, 3, 3
ch142, 7, 7, 7, 7, 7, 5, 5, 5, 3, 3, 3, 3
ch144, 7, 7, 7, 7, 7, 5, 5, 5, 3, 3, 3, 3
ch149, 0, 0, 0, 0, 0, 0, 0, 0, 0, 0, 0, 0
ch151, 0, 0, 0, 0, 0, 0, 0, 0, 0, 0, 0, 0
ch153, 0, 0, 0, 0, 0, 0, 0, 0, 0, 0, 0, 0
ch155, 0, 0, 0, 0, 0, 0, 0, 0, 0, 0, 0, 0
ch157, 0, 0, 0, 0, 0, 0, 0, 0, 0, 0, 0, 0
ch159, 0, 0, 0, 0, 0, 0, 0, 0, 0, 0, 0, 0
ch161, 0, 0, 0, 0, 0, 0, 0, 0, 0, 0, 0, 0
ch165, 0, 0, 0, 0, 0, 0, 0, 0, 0, 0, 0, 0
</ru26>

<ru52, m0, m1, m2, m3, m4, m5, m6, m7, m8, m9, m10, m11>
ch001, 17, 17, 17, 17, 17, 15, 15, 15, 13, 13, 13, 13
ch002, 17, 17, 17, 17, 17, 15, 15, 15, 13, 13, 13, 13
ch003, 17, 17, 17, 17, 17, 15, 15, 15, 13, 13, 13, 13
ch004, 17, 17, 17, 17, 17, 15, 15, 15, 13, 13, 13, 13
ch005, 17, 17, 17, 17, 17, 15, 15, 15, 13, 13, 13, 13
ch006, 17, 17, 17, 17, 17, 15, 15, 15, 13, 13, 13, 13
ch007, 17, 17, 17, 17, 17, 15, 15, 15, 13, 13, 13, 13
ch008, 17, 17, 17, 17, 17, 15, 15, 15, 13, 13, 13, 13
ch009, 17, 17, 17, 17, 17, 15, 15, 15, 13, 13, 13, 13
ch010, 17, 17, 17, 17, 17, 15, 15, 15, 13, 13, 13, 13
ch011, 17, 17, 17, 17, 17, 15, 15, 15, 13, 13, 13, 13
ch012, 17, 17, 17, 17, 17, 15, 15, 15, 13, 13, 13, 13
ch013, 17, 17, 17, 17, 17, 15, 15, 15, 13, 13, 13, 13
ch014, 0, 0, 0, 0, 0, 0, 0, 0, 0, 0, 0, 0
ch036, 13, 13, 13, 13, 13, 11, 11, 11, 9, 9, 9, 9
ch038, 13, 13, 13, 13, 13, 11, 11, 11, 9, 9, 9, 9
ch040, 13, 13, 13, 13, 13, 11, 11, 11, 9, 9, 9, 9
ch042, 13, 13, 13, 13, 13, 11, 11, 11, 9, 9, 9, 9
ch044, 13, 13, 13, 13, 13, 11, 11, 11, 9, 9, 9, 9
ch046, 13, 13, 13, 13, 13, 11, 11, 11, 9, 9, 9, 9
ch048, 13, 13, 13, 13, 13, 11, 11, 11, 9, 9, 9, 9
ch050, 13, 13, 13, 13, 13, 11, 11, 11, 9, 9, 9, 9
ch052, 13, 13, 13, 13, 13, 11, 11, 11, 9, 9, 9, 9
ch054, 13, 13, 13, 13, 13, 11, 11, 11, 9, 9, 9, 9
ch056, 13, 13, 13, 13, 13, 11, 11, 11, 9, 9, 9, 9
ch058, 13, 13, 13, 13, 13, 11, 11, 11, 9, 9, 9, 9
ch060, 13, 13, 13, 13, 13, 11, 11, 11, 9, 9, 9, 9
ch062, 13, 13, 13, 13, 13, 11, 11, 11, 9, 9, 9, 9
ch064, 13, 13, 13, 13, 13, 11, 11, 11, 9, 9, 9, 9
ch100, 13, 13, 13, 13, 13, 11, 11, 11, 9, 9, 9, 9
ch102, 13, 13, 13, 13, 13, 11, 11, 11, 9, 9, 9, 9
ch104, 13, 13, 13, 13, 13, 11, 11, 11, 9, 9, 9, 9
ch106, 13, 13, 13, 13, 13, 11, 11, 11, 9, 9, 9, 9
ch108, 13, 13, 13, 13, 13, 11, 11, 11, 9, 9, 9, 9
ch110, 13, 13, 13, 13, 13, 11, 11, 11, 9, 9, 9, 9
ch112, 13, 13, 13, 13, 13, 11, 11, 11, 9, 9, 9, 9
ch114, 13, 13, 13, 13, 13, 11, 11, 11, 9, 9, 9, 9
ch116, 13, 13, 13, 13, 13, 11, 11, 11, 9, 9, 9, 9
ch118, 13, 13, 13, 13, 13, 11, 11, 11, 9, 9, 9, 9
ch120, 13, 13, 13, 13, 13, 11, 11, 11, 9, 9, 9, 9
ch122, 13, 13, 13, 13, 13, 11, 11, 11, 9, 9, 9, 9
ch124, 13, 13, 13, 13, 13, 11, 11, 11, 9, 9, 9, 9
ch126, 13, 13, 13, 13, 13, 11, 11, 11, 9, 9, 9, 9
ch128, 13, 13, 13, 13, 13, 11, 11, 11, 9, 9, 9, 9
ch132, 13, 13, 13, 13, 13, 11, 11, 11, 9, 9, 9, 9
ch134, 13, 13, 13, 13, 13, 11, 11, 11, 9, 9, 9, 9
ch136, 13, 13, 13, 13, 13, 11, 11, 11, 9, 9, 9, 9
ch138, 13, 13, 13, 13, 13, 11, 11, 11, 9, 9, 9, 9
ch140, 13, 13, 13, 13, 13, 11, 11, 11, 9, 9, 9, 9
ch142, 13, 13, 13, 13, 13, 11, 11, 11, 9, 9, 9, 9
ch144, 13, 13, 13, 13, 13, 11, 11, 11, 9, 9, 9, 9
ch149, 0, 0, 0, 0, 0, 0, 0, 0, 0, 0, 0, 0
ch151, 0, 0, 0, 0, 0, 0, 0, 0, 0, 0, 0, 0
ch153, 0, 0, 0, 0, 0, 0, 0, 0, 0, 0, 0, 0
ch155, 0, 0, 0, 0, 0, 0, 0, 0, 0, 0, 0, 0
ch157, 0, 0, 0, 0, 0, 0, 0, 0, 0, 0, 0, 0
ch159, 0, 0, 0, 0, 0, 0, 0, 0, 0, 0, 0, 0
ch161, 0, 0, 0, 0, 0, 0, 0, 0, 0, 0, 0, 0
ch165, 0, 0, 0, 0, 0, 0, 0, 0, 0, 0, 0, 0
</ru52>

<ru106, m0, m1, m2, m3, m4, m5, m6, m7, m8, m9, m10, m11>
ch001, 23, 23, 23, 23, 23, 21, 21, 21, 19, 19, 19, 19
ch002, 23, 23, 23, 23, 23, 21, 21, 21, 19, 19, 19, 19
ch003, 23, 23, 23, 23, 23, 21, 21, 21, 19, 19, 19, 19
ch004, 23, 23, 23, 23, 23, 21, 21, 21, 19, 19, 19, 19
ch005, 23, 23, 23, 23, 23, 21, 21, 21, 19, 19, 19, 19
ch006, 23, 23, 23, 23, 23, 21, 21, 21, 19, 19, 19, 19
ch007, 23, 23, 23, 23, 23, 21, 21, 21, 19, 19, 19, 19
ch008, 23, 23, 23, 23, 23, 21, 21, 21, 19, 19, 19, 19
ch009, 23, 23, 23, 23, 23, 21, 21, 21, 19, 19, 19, 19
ch010, 23, 23, 23, 23, 23, 21, 21, 21, 19, 19, 19, 19
ch011, 23, 23, 23, 23, 23, 21, 21, 21, 19, 19, 19, 19
ch012, 23, 23, 23, 23, 23, 21, 21, 21, 19, 19, 19, 19
ch013, 23, 23, 23, 23, 23, 21, 21, 21, 19, 19, 19, 19
ch014, 0, 0, 0, 0, 0, 0, 0, 0, 0, 0, 0, 0
ch036, 19, 19, 19, 19, 19, 17, 17, 17, 15, 15, 15, 15
ch038, 19, 19, 19, 19, 19, 17, 17, 17, 15, 15, 15, 15
ch040, 19, 19, 19, 19, 19, 17, 17, 17, 15, 15, 15, 15
ch042, 19, 19, 19, 19, 19, 17, 17, 17, 15, 15, 15, 15
ch044, 19, 19, 19, 19, 19, 17, 17, 17, 15, 15, 15, 15
ch046, 19, 19, 19, 19, 19, 17, 17, 17, 15, 15, 15, 15
ch048, 19, 19, 19, 19, 19, 17, 17, 17, 15, 15, 15, 15
ch050, 19, 19, 19, 19, 19, 17, 17, 17, 15, 15, 15, 15
ch052, 19, 19, 19, 19, 19, 17, 17, 17, 15, 15, 15, 15
ch054, 19, 19, 19, 19, 19, 17, 17, 17, 15, 15, 15, 15
ch056, 19, 19, 19, 19, 19, 17, 17, 17, 15, 15, 15, 15
ch058, 19, 19, 19, 19, 19, 17, 17, 17, 15, 15, 15, 15
ch060, 19, 19, 19, 19, 19, 17, 17, 17, 15, 15, 15, 15
ch062, 19, 19, 19, 19, 19, 17, 17, 17, 15, 15, 15, 15
ch064, 19, 19, 19, 19, 19, 17, 17, 17, 15, 15, 15, 15
ch100, 19, 19, 19, 19, 19, 17, 17, 17, 15, 15, 15, 15
ch102, 19, 19, 19, 19, 19, 17, 17, 17, 15, 15, 15, 15
ch104, 19, 19, 19, 19, 19, 17, 17, 17, 15, 15, 15, 15
ch106, 19, 19, 19, 19, 19, 17, 17, 17, 15, 15, 15, 15
ch108, 19, 19, 19, 19, 19, 17, 17, 17, 15, 15, 15, 15
ch110, 19, 19, 19, 19, 19, 17, 17, 17, 15, 15, 15, 15
ch112, 19, 19, 19, 19, 19, 17, 17, 17, 15, 15, 15, 15
ch114, 19, 19, 19, 19, 19, 17, 17, 17, 15, 15, 15, 15
ch116, 19, 19, 19, 19, 19, 17, 17, 17, 15, 15, 15, 15
ch118, 19, 19, 19, 19, 19, 17, 17, 17, 15, 15, 15, 15
ch120, 19, 19, 19, 19, 19, 17, 17, 17, 15, 15, 15, 15
ch122, 19, 19, 19, 19, 19, 17, 17, 17, 15, 15, 15, 15
ch124, 19, 19, 19, 19, 19, 17, 17, 17, 15, 15, 15, 15
ch126, 19, 19, 19, 19, 19, 17, 17, 17, 15, 15, 15, 15
ch128, 19, 19, 19, 19, 19, 17, 17, 17, 15, 15, 15, 15
ch132, 19, 19, 19, 19, 19, 17, 17, 17, 15, 15, 15, 15
ch134, 19, 19, 19, 19, 19, 17, 17, 17, 15, 15, 15, 15
ch136, 19, 19, 19, 19, 19, 17, 17, 17, 15, 15, 15, 15
ch138, 19, 19, 19, 19, 19, 17, 17, 17, 15, 15, 15, 15
ch140, 19, 19, 19, 19, 19, 17, 17, 17, 15, 15, 15, 15
ch142, 19, 19, 19, 19, 19, 17, 17, 17, 15, 15, 15, 15
ch144, 19, 19, 19, 19, 19, 17, 17, 17, 15, 15, 15, 15
ch149, 0, 0, 0, 0, 0, 0, 0, 0, 0, 0, 0, 0
ch151, 0, 0, 0, 0, 0, 0, 0, 0, 0, 0, 0, 0
ch153, 0, 0, 0, 0, 0, 0, 0, 0, 0, 0, 0, 0
ch155, 0, 0, 0, 0, 0, 0, 0, 0, 0, 0, 0, 0
ch157, 0, 0, 0, 0, 0, 0, 0, 0, 0, 0, 0, 0
ch159, 0, 0, 0, 0, 0, 0, 0, 0, 0, 0, 0, 0
ch161, 0, 0, 0, 0, 0, 0, 0, 0, 0, 0, 0, 0
ch165, 0, 0, 0, 0, 0, 0, 0, 0, 0, 0, 0, 0
</ru106>

<ru242, m0, m1, m2, m3, m4, m5, m6, m7, m8, m9, m10, m11>
ch001, 30, 30, 30, 30, 30, 28, 28, 28, 26, 26, 26, 26
ch002, 30, 30, 30, 30, 30, 28, 28, 28, 26, 26, 26, 26
ch003, 30, 30, 30, 30, 30, 28, 28, 28, 26, 26, 26, 26
ch004, 30, 30, 30, 30, 30, 28, 28, 28, 26, 26, 26, 26
ch005, 30, 30, 30, 30, 30, 28, 28, 28, 26, 26, 26, 26
ch006, 30, 30, 30, 30, 30, 28, 28, 28, 26, 26, 26, 26
ch007, 30, 30, 30, 30, 30, 28, 28, 28, 26, 26, 26, 26
ch008, 30, 30, 30, 30, 30, 28, 28, 28, 26, 26, 26, 26
ch009, 30, 30, 30, 30, 30, 28, 28, 28, 26, 26, 26, 26
ch010, 30, 30, 30, 30, 30, 28, 28, 28, 26, 26, 26, 26
ch011, 30, 30, 30, 30, 30, 28, 28, 28, 26, 26, 26, 26
ch012, 30, 30, 30, 30, 30, 28, 28, 28, 26, 26, 26, 26
ch013, 30, 30, 30, 30, 30, 28, 28, 28, 26, 26, 26, 26
ch014, 0, 0, 0, 0, 0, 0, 0, 0, 0, 0, 0, 0
ch036, 26, 26, 26, 26, 26, 24, 24, 24, 22, 22, 22, 22
ch038, 26, 26, 26, 26, 26, 24, 24, 24, 22, 22, 22, 22
ch040, 26, 26, 26, 26, 26, 24, 24, 24, 22, 22, 22, 22
ch042, 26, 26, 26, 26, 26, 24, 24, 24, 22, 22, 22, 22
ch044, 26, 26, 26, 26, 26, 24, 24, 24, 22, 22, 22, 22
ch046, 26, 26, 26, 26, 26, 24, 24, 24, 22, 22, 22, 22
ch048, 26, 26, 26, 26, 26, 24, 24, 24, 22, 22, 22, 22
ch050, 26, 26, 26, 26, 26, 24, 24, 24, 22, 22, 22, 22
ch052, 26, 26, 26, 26, 26, 24, 24, 24, 22, 22, 22, 22
ch054, 26, 26, 26, 26, 26, 24, 24, 24, 22, 22, 22, 22
ch056, 26, 26, 26, 26, 26, 24, 24, 24, 22, 22, 22, 22
ch058, 26, 26, 26, 26, 26, 24, 24, 24, 22, 22, 22, 22
ch060, 26, 26, 26, 26, 26, 24, 24, 24, 22, 22, 22, 22
ch062, 26, 26, 26, 26, 26, 24, 24, 24, 22, 22, 22, 22
ch064, 26, 26, 26, 26, 26, 24, 24, 24, 22, 22, 22, 22
ch100, 26, 26, 26, 26, 26, 24, 24, 24, 22, 22, 22, 22
ch102, 26, 26, 26, 26, 26, 24, 24, 24, 22, 22, 22, 22
ch104, 26, 26, 26, 26, 26, 24, 24, 24, 22, 22, 22, 22
ch106, 26, 26, 26, 26, 26, 24, 24, 24, 22, 22, 22, 22
ch108, 26, 26, 26, 26, 26, 24, 24, 24, 22, 22, 22, 22
ch110, 26, 26, 26, 26, 26, 24, 24, 24, 22, 22, 22, 22
ch112, 26, 26, 26, 26, 26, 24, 24, 24, 22, 22, 22, 22
ch114, 26, 26, 26, 26, 26, 24, 24, 24, 22, 22, 22, 22
ch116, 26, 26, 26, 26, 26, 24, 24, 24, 22, 22, 22, 22
ch118, 26, 26, 26, 26, 26, 24, 24, 24, 22, 22, 22, 22
ch120, 26, 26, 26, 26, 26, 24, 24, 24, 22, 22, 22, 22
ch122, 26, 26, 26, 26, 26, 24, 24, 24, 22, 22, 22, 22
ch124, 26, 26, 26, 26, 26, 24, 24, 24, 22, 22, 22, 22
ch126, 26, 26, 26, 26, 26, 24, 24, 24, 22, 22, 22, 22
ch128, 26, 26, 26, 26, 26, 24, 24, 24, 22, 22, 22, 22
ch132, 26, 26, 26, 26, 26, 24, 24, 24, 22, 22, 22, 22
ch134, 26, 26, 26, 26, 26, 24, 24, 24, 22, 22, 22, 22
ch136, 26, 26, 26, 26, 26, 24, 24, 24, 22, 22, 22, 22
ch138, 26, 26, 26, 26, 26, 24, 24, 24, 22, 22, 22, 22
ch140, 26, 26, 26, 26, 26, 24, 24, 24, 22, 22, 22, 22
ch142, 26, 26, 26, 26, 26, 24, 24, 24, 22, 22, 22, 22
ch144, 26, 26, 26, 26, 26, 24, 24, 24, 22, 22, 22, 22
ch149, 0, 0, 0, 0, 0, 0, 0, 0, 0, 0, 0, 0
ch151, 0, 0, 0, 0, 0, 0, 0, 0, 0, 0, 0, 0
ch153, 0, 0, 0, 0, 0, 0, 0, 0, 0, 0, 0, 0
ch155, 0, 0, 0, 0, 0, 0, 0, 0, 0, 0, 0, 0
ch157, 0, 0, 0, 0, 0, 0, 0, 0, 0, 0, 0, 0
ch159, 0, 0, 0, 0, 0, 0, 0, 0, 0, 0, 0, 0
ch161, 0, 0, 0, 0, 0, 0, 0, 0, 0, 0, 0, 0
ch165, 0, 0, 0, 0, 0, 0, 0, 0, 0, 0, 0, 0
</ru242>

<ru484, m0, m1, m2, m3, m4, m5, m6, m7, m8, m9, m10, m11>
ch038, 26, 26, 26, 26, 26, 24, 24, 24, 22, 22, 22, 22
ch042, 26, 26, 26, 26, 26, 24, 24, 24, 22, 22, 22, 22
ch046, 26, 26, 26, 26, 26, 24, 24, 24, 22, 22, 22, 22
ch050, 26, 26, 26, 26, 26, 24, 24, 24, 22, 22, 22, 22
ch054, 26, 26, 26, 26, 26, 24, 24, 24, 22, 22, 22, 22
ch058, 26, 26, 26, 26, 26, 24, 24, 24, 22, 22, 22, 22
ch062, 26, 26, 26, 26, 26, 24, 24, 24, 22, 22, 22, 22
ch102, 26, 26, 26, 26, 26, 24, 24, 24, 22, 22, 22, 22
ch106, 26, 26, 26, 26, 26, 24, 24, 24, 22, 22, 22, 22
ch110, 26, 26, 26, 26, 26, 24, 24, 24, 22, 22, 22, 22
ch114, 26, 26, 26, 26, 26, 24, 24, 24, 22, 22, 22, 22
ch118, 26, 26, 26, 26, 26, 24, 24, 24, 22, 22, 22, 22
ch122, 26, 26, 26, 26, 26, 24, 24, 24, 22, 22, 22, 22
ch126, 26, 26, 26, 26, 26, 24, 24, 24, 22, 22, 22, 22
ch134, 26, 26, 26, 26, 26, 24, 24, 24, 22, 22, 22, 22
ch138, 26, 26, 26, 26, 26, 24, 24, 24, 22, 22, 22, 22
ch142, 26, 26, 26, 26, 26, 24, 24, 24, 22, 22, 22, 22
ch151, 0, 0, 0, 0, 0, 0, 0, 0, 0, 0, 0, 0
ch155, 0, 0, 0, 0, 0, 0, 0, 0, 0, 0, 0, 0
ch159, 0, 0, 0, 0, 0, 0, 0, 0, 0, 0, 0, 0
</ru484>

<ru996, m0, m1, m2, m3, m4, m5, m6, m7, m8, m9, m10, m11>
ch042, 26, 26, 26, 26, 26, 24, 24, 24, 22, 22, 22, 22
ch050, 26, 26, 26, 26, 26, 24, 24, 24, 22, 22, 22, 22
ch058, 26, 26, 26, 26, 26, 24, 24, 24, 22, 22, 22, 22
ch106, 26, 26, 26, 26, 26, 24, 24, 24, 22, 22, 22, 22
ch114, 26, 26, 26, 26, 26, 24, 24, 24, 22, 22, 22, 22
ch122, 26, 26, 26, 26, 26, 24, 24, 24, 22, 22, 22, 22
ch138, 26, 26, 26, 26, 26, 24, 24, 24, 22, 22, 22, 22
ch155, 0, 0, 0, 0, 0, 0, 0, 0, 0, 0, 0, 0
</ru996>

[00]
<cck, c1, c2, c5, c11>
ch001, 16, 16, 16, 16
ch002, 16, 16, 16, 16
ch003, 16, 16, 16, 16
ch004, 16, 16, 16, 16
ch005, 16, 16, 16, 16
ch006, 16, 16, 16, 16
ch007, 16, 16, 16, 16
ch008, 16, 16, 16, 16
ch009, 16, 16, 16, 16
ch010, 16, 16, 16, 16
ch011, 16, 16, 16, 16
ch012, 0, 0, 0, 0
ch013, 0, 0, 0, 0
ch014, 0, 0, 0, 0
</cck>

<ofdm, o6, o9, o12, o18, o24, o36, o48, o54>
ch001, 8, 8, 8, 8, 8, 8, 8, 8
ch002, 8, 8, 8, 8, 8, 8, 8, 8
ch003, 8, 8, 8, 8, 8, 8, 8, 8
ch004, 8, 8, 8, 8, 8, 8, 8, 8
ch005, 8, 8, 8, 8, 8, 8, 8, 8
ch006, 8, 8, 8, 8, 8, 8, 8, 8
ch007, 8, 8, 8, 8, 8, 8, 8, 8
ch008, 8, 8, 8, 8, 8, 8, 8, 8
ch009, 8, 8, 8, 8, 8, 8, 8, 8
ch010, 8, 8, 8, 8, 8, 8, 8, 8
ch011, 8, 8, 8, 8, 8, 8, 8, 8
ch012, 0, 0, 0, 0, 0, 0, 0, 0
ch013, 0, 0, 0, 0, 0, 0, 0, 0
ch014, 0, 0, 0, 0, 0, 0, 0, 0
ch036, 0, 0, 0, 0, 0, 0, 0, 0
ch038, 0, 0, 0, 0, 0, 0, 0, 0
ch040, 0, 0, 0, 0, 0, 0, 0, 0
ch042, 0, 0, 0, 0, 0, 0, 0, 0
ch044, 0, 0, 0, 0, 0, 0, 0, 0
ch046, 0, 0, 0, 0, 0, 0, 0, 0
ch048, 0, 0, 0, 0, 0, 0, 0, 0
ch050, 0, 0, 0, 0, 0, 0, 0, 0
ch052, 0, 0, 0, 0, 0, 0, 0, 0
ch054, 0, 0, 0, 0, 0, 0, 0, 0
ch056, 0, 0, 0, 0, 0, 0, 0, 0
ch058, 0, 0, 0, 0, 0, 0, 0, 0
ch060, 0, 0, 0, 0, 0, 0, 0, 0
ch062, 0, 0, 0, 0, 0, 0, 0, 0
ch064, 0, 0, 0, 0, 0, 0, 0, 0
ch100, 0, 0, 0, 0, 0, 0, 0, 0
ch102, 0, 0, 0, 0, 0, 0, 0, 0
ch104, 0, 0, 0, 0, 0, 0, 0, 0
ch106, 0, 0, 0, 0, 0, 0, 0, 0
ch108, 0, 0, 0, 0, 0, 0, 0, 0
ch110, 0, 0, 0, 0, 0, 0, 0, 0
ch112, 0, 0, 0, 0, 0, 0, 0, 0
ch114, 0, 0, 0, 0, 0, 0, 0, 0
ch116, 0, 0, 0, 0, 0, 0, 0, 0
ch118, 0, 0, 0, 0, 0, 0, 0, 0
ch120, 0, 0, 0, 0, 0, 0, 0, 0
ch122, 0, 0, 0, 0, 0, 0, 0, 0
ch124, 0, 0, 0, 0, 0, 0, 0, 0
ch126, 0, 0, 0, 0, 0, 0, 0, 0
ch128, 0, 0, 0, 0, 0, 0, 0, 0
ch132, 0, 0, 0, 0, 0, 0, 0, 0
ch134, 0, 0, 0, 0, 0, 0, 0, 0
ch136, 0, 0, 0, 0, 0, 0, 0, 0
ch138, 0, 0, 0, 0, 0, 0, 0, 0
ch140, 0, 0, 0, 0, 0, 0, 0, 0
ch142, 0, 0, 0, 0, 0, 0, 0, 0
ch144, 0, 0, 0, 0, 0, 0, 0, 0
ch149, 0, 0, 0, 0, 0, 0, 0, 0
ch151, 0, 0, 0, 0, 0, 0, 0, 0
ch153, 0, 0, 0, 0, 0, 0, 0, 0
ch155, 0, 0, 0, 0, 0, 0, 0, 0
ch157, 0, 0, 0, 0, 0, 0, 0, 0
ch159, 0, 0, 0, 0, 0, 0, 0, 0
ch161, 0, 0, 0, 0, 0, 0, 0, 0
ch165, 0, 0, 0, 0, 0, 0, 0, 0
</ofdm>

<ht20, m0, m1, m2, m3, m4, m5, m6, m7>
ch001, 9, 9, 9, 9, 9, 9, 9, 9
ch002, 9, 9, 9, 9, 9, 9, 9, 9
ch003, 9, 9, 9, 9, 9, 9, 9, 9
ch004, 9, 9, 9, 9, 9, 9, 9, 9
ch005, 9, 9, 9, 9, 9, 9, 9, 9
ch006, 9, 9, 9, 9, 9, 9, 9, 9
ch007, 9, 9, 9, 9, 9, 9, 9, 9
ch008, 9, 9, 9, 9, 9, 9, 9, 9
ch009, 9, 9, 9, 9, 9, 9, 9, 9
ch010, 9, 9, 9, 9, 9, 9, 9, 9
ch011, 9, 9, 9, 9, 9, 9, 9, 9
ch012, 0, 0, 0, 0, 0, 0, 0, 0
ch013, 0, 0, 0, 0, 0, 0, 0, 0
ch014, 0, 0, 0, 0, 0, 0, 0, 0
ch036, 0, 0, 0, 0, 0, 0, 0, 0
ch038, 0, 0, 0, 0, 0, 0, 0, 0
ch040, 0, 0, 0, 0, 0, 0, 0, 0
ch042, 0, 0, 0, 0, 0, 0, 0, 0
ch044, 0, 0, 0, 0, 0, 0, 0, 0
ch046, 0, 0, 0, 0, 0, 0, 0, 0
ch048, 0, 0, 0, 0, 0, 0, 0, 0
ch050, 0, 0, 0, 0, 0, 0, 0, 0
ch052, 0, 0, 0, 0, 0, 0, 0, 0
ch054, 0, 0, 0, 0, 0, 0, 0, 0
ch056, 0, 0, 0, 0, 0, 0, 0, 0
ch058, 0, 0, 0, 0, 0, 0, 0, 0
ch060, 0, 0, 0, 0, 0, 0, 0, 0
ch062, 0, 0, 0, 0, 0, 0, 0, 0
ch064, 0, 0, 0, 0, 0, 0, 0, 0
ch100, 0, 0, 0, 0, 0, 0, 0, 0
ch102, 0, 0, 0, 0, 0, 0, 0, 0
ch104, 0, 0, 0, 0, 0, 0, 0, 0
ch106, 0, 0, 0, 0, 0, 0, 0, 0
ch108, 0, 0, 0, 0, 0, 0, 0, 0
ch110, 0, 0, 0, 0, 0, 0, 0, 0
ch112, 0, 0, 0, 0, 0, 0, 0, 0
ch114, 0, 0, 0, 0, 0, 0, 0, 0
ch116, 0, 0, 0, 0, 0, 0, 0, 0
ch118, 0, 0, 0, 0, 0, 0, 0, 0
ch120, 0, 0, 0, 0, 0, 0, 0, 0
ch122, 0, 0, 0, 0, 0, 0, 0, 0
ch124, 0, 0, 0, 0, 0, 0, 0, 0
ch126, 0, 0, 0, 0, 0, 0, 0, 0
ch128, 0, 0, 0, 0, 0, 0, 0, 0
ch132, 0, 0, 0, 0, 0, 0, 0, 0
ch134, 0, 0, 0, 0, 0, 0, 0, 0
ch136, 0, 0, 0, 0, 0, 0, 0, 0
ch138, 0, 0, 0, 0, 0, 0, 0, 0
ch140, 0, 0, 0, 0, 0, 0, 0, 0
ch142, 0, 0, 0, 0, 0, 0, 0, 0
ch144, 0, 0, 0, 0, 0, 0, 0, 0
ch149, 0, 0, 0, 0, 0, 0, 0, 0
ch151, 0, 0, 0, 0, 0, 0, 0, 0
ch153, 0, 0, 0, 0, 0, 0, 0, 0
ch155, 0, 0, 0, 0, 0, 0, 0, 0
ch157, 0, 0, 0, 0, 0, 0, 0, 0
ch159, 0, 0, 0, 0, 0, 0, 0, 0
ch161, 0, 0, 0, 0, 0, 0, 0, 0
ch165, 0, 0, 0, 0, 0, 0, 0, 0
</ht20>

<ht40, m0, m1, m2, m3, m4, m5, m6, m7, m32>
ch038, 0, 0, 0, 0, 0, 0, 0, 0, 0
ch042, 0, 0, 0, 0, 0, 0, 0, 0, 0
ch046, 0, 0, 0, 0, 0, 0, 0, 0, 0
ch050, 0, 0, 0, 0, 0, 0, 0, 0, 0
ch054, 0, 0, 0, 0, 0, 0, 0, 0, 0
ch058, 0, 0, 0, 0, 0, 0, 0, 0, 0
ch062, 0, 0, 0, 0, 0, 0, 0, 0, 0
ch102, 0, 0, 0, 0, 0, 0, 0, 0, 0
ch106, 0, 0, 0, 0, 0, 0, 0, 0, 0
ch110, 0, 0, 0, 0, 0, 0, 0, 0, 0
ch114, 0, 0, 0, 0, 0, 0, 0, 0, 0
ch118, 0, 0, 0, 0, 0, 0, 0, 0, 0
ch122, 0, 0, 0, 0, 0, 0, 0, 0, 0
ch126, 0, 0, 0, 0, 0, 0, 0, 0, 0
ch134, 0, 0, 0, 0, 0, 0, 0, 0, 0
ch138, 0, 0, 0, 0, 0, 0, 0, 0, 0
ch142, 0, 0, 0, 0, 0, 0, 0, 0, 0
ch151, 0, 0, 0, 0, 0, 0, 0, 0, 0
ch155, 0, 0, 0, 0, 0, 0, 0, 0, 0
ch159, 0, 0, 0, 0, 0, 0, 0, 0, 0
</ht40>

<vht20, m0, m1, m2, m3, m4, m5, m6, m7, m8, m9>
ch001, 9, 9, 9, 9, 9, 9, 9, 9, 9, 0
ch002, 9, 9, 9, 9, 9, 9, 9, 9, 9, 0
ch003, 9, 9, 9, 9, 9, 9, 9, 9, 9, 0
ch004, 9, 9, 9, 9, 9, 9, 9, 9, 9, 0
ch005, 9, 9, 9, 9, 9, 9, 9, 9, 9, 0
ch006, 9, 9, 9, 9, 9, 9, 9, 9, 9, 0
ch007, 9, 9, 9, 9, 9, 9, 9, 9, 9, 0
ch008, 9, 9, 9, 9, 9, 9, 9, 9, 9, 0
ch009, 9, 9, 9, 9, 9, 9, 9, 9, 9, 0
ch010, 9, 9, 9, 9, 9, 9, 9, 9, 9, 0
ch011, 9, 9, 9, 9, 9, 9, 9, 9, 9, 0
ch012, 0, 0, 0, 0, 0, 0, 0, 0, 0, 0
ch013, 0, 0, 0, 0, 0, 0, 0, 0, 0, 0
ch014, 0, 0, 0, 0, 0, 0, 0, 0, 0, 0
ch036, 0, 0, 0, 0, 0, 0, 0, 0, 0, 0
ch038, 0, 0, 0, 0, 0, 0, 0, 0, 0, 0
ch040, 0, 0, 0, 0, 0, 0, 0, 0, 0, 0
ch042, 0, 0, 0, 0, 0, 0, 0, 0, 0, 0
ch044, 0, 0, 0, 0, 0, 0, 0, 0, 0, 0
ch046, 0, 0, 0, 0, 0, 0, 0, 0, 0, 0
ch048, 0, 0, 0, 0, 0, 0, 0, 0, 0, 0
ch050, 0, 0, 0, 0, 0, 0, 0, 0, 0, 0
ch052, 0, 0, 0, 0, 0, 0, 0, 0, 0, 0
ch054, 0, 0, 0, 0, 0, 0, 0, 0, 0, 0
ch056, 0, 0, 0, 0, 0, 0, 0, 0, 0, 0
ch058, 0, 0, 0, 0, 0, 0, 0, 0, 0, 0
ch060, 0, 0, 0, 0, 0, 0, 0, 0, 0, 0
ch062, 0, 0, 0, 0, 0, 0, 0, 0, 0, 0
ch064, 0, 0, 0, 0, 0, 0, 0, 0, 0, 0
ch100, 0, 0, 0, 0, 0, 0, 0, 0, 0, 0
ch102, 0, 0, 0, 0, 0, 0, 0, 0, 0, 0
ch104, 0, 0, 0, 0, 0, 0, 0, 0, 0, 0
ch106, 0, 0, 0, 0, 0, 0, 0, 0, 0, 0
ch108, 0, 0, 0, 0, 0, 0, 0, 0, 0, 0
ch110, 0, 0, 0, 0, 0, 0, 0, 0, 0, 0
ch112, 0, 0, 0, 0, 0, 0, 0, 0, 0, 0
ch114, 0, 0, 0, 0, 0, 0, 0, 0, 0, 0
ch116, 0, 0, 0, 0, 0, 0, 0, 0, 0, 0
ch118, 0, 0, 0, 0, 0, 0, 0, 0, 0, 0
ch120, 0, 0, 0, 0, 0, 0, 0, 0, 0, 0
ch122, 0, 0, 0, 0, 0, 0, 0, 0, 0, 0
ch124, 0, 0, 0, 0, 0, 0, 0, 0, 0, 0
ch126, 0, 0, 0, 0, 0, 0, 0, 0, 0, 0
ch128, 0, 0, 0, 0, 0, 0, 0, 0, 0, 0
ch132, 0, 0, 0, 0, 0, 0, 0, 0, 0, 0
ch134, 0, 0, 0, 0, 0, 0, 0, 0, 0, 0
ch136, 0, 0, 0, 0, 0, 0, 0, 0, 0, 0
ch138, 0, 0, 0, 0, 0, 0, 0, 0, 0, 0
ch140, 0, 0, 0, 0, 0, 0, 0, 0, 0, 0
ch142, 0, 0, 0, 0, 0, 0, 0, 0, 0, 0
ch144, 0, 0, 0, 0, 0, 0, 0, 0, 0, 0
ch149, 0, 0, 0, 0, 0, 0, 0, 0, 0, 0
ch151, 0, 0, 0, 0, 0, 0, 0, 0, 0, 0
ch153, 0, 0, 0, 0, 0, 0, 0, 0, 0, 0
ch155, 0, 0, 0, 0, 0, 0, 0, 0, 0, 0
ch157, 0, 0, 0, 0, 0, 0, 0, 0, 0, 0
ch159, 0, 0, 0, 0, 0, 0, 0, 0, 0, 0
ch161, 0, 0, 0, 0, 0, 0, 0, 0, 0, 0
ch165, 0, 0, 0, 0, 0, 0, 0, 0, 0, 0
</vht20>

<vht40, m0, m1, m2, m3, m4, m5, m6, m7, m8, m9>
ch038, 0, 0, 0, 0, 0, 0, 0, 0, 0, 0
ch042, 0, 0, 0, 0, 0, 0, 0, 0, 0, 0
ch046, 0, 0, 0, 0, 0, 0, 0, 0, 0, 0
ch050, 0, 0, 0, 0, 0, 0, 0, 0, 0, 0
ch054, 0, 0, 0, 0, 0, 0, 0, 0, 0, 0
ch058, 0, 0, 0, 0, 0, 0, 0, 0, 0, 0
ch062, 0, 0, 0, 0, 0, 0, 0, 0, 0, 0
ch102, 0, 0, 0, 0, 0, 0, 0, 0, 0, 0
ch106, 0, 0, 0, 0, 0, 0, 0, 0, 0, 0
ch110, 0, 0, 0, 0, 0, 0, 0, 0, 0, 0
ch114, 0, 0, 0, 0, 0, 0, 0, 0, 0, 0
ch118, 0, 0, 0, 0, 0, 0, 0, 0, 0, 0
ch122, 0, 0, 0, 0, 0, 0, 0, 0, 0, 0
ch126, 0, 0, 0, 0, 0, 0, 0, 0, 0, 0
ch134, 0, 0, 0, 0, 0, 0, 0, 0, 0, 0
ch138, 0, 0, 0, 0, 0, 0, 0, 0, 0, 0
ch142, 0, 0, 0, 0, 0, 0, 0, 0, 0, 0
ch151, 0, 0, 0, 0, 0, 0, 0, 0, 0, 0
ch155, 0, 0, 0, 0, 0, 0, 0, 0, 0, 0
ch159, 0, 0, 0, 0, 0, 0, 0, 0, 0, 0
</vht40>

<vht80, m0, m1, m2, m3, m4, m5, m6, m7, m8, m9>
ch042, 0, 0, 0, 0, 0, 0, 0, 0, 0, 0
ch050, 0, 0, 0, 0, 0, 0, 0, 0, 0, 0
ch058, 0, 0, 0, 0, 0, 0, 0, 0, 0, 0
ch106, 0, 0, 0, 0, 0, 0, 0, 0, 0, 0
ch114, 0, 0, 0, 0, 0, 0, 0, 0, 0, 0
ch122, 0, 0, 0, 0, 0, 0, 0, 0, 0, 0
ch138, 0, 0, 0, 0, 0, 0, 0, 0, 0, 0
ch155, 0, 0, 0, 0, 0, 0, 0, 0, 0, 0
</vht80>

<ru26, m0, m1, m2, m3, m4, m5, m6, m7, m8, m9, m10, m11>
ch001, 9, 9, 9, 9, 9, 9, 9, 9, 7, 7, 7, 7
ch002, 9, 9, 9, 9, 9, 9, 9, 9, 7, 7, 7, 7
ch003, 9, 9, 9, 9, 9, 9, 9, 9, 7, 7, 7, 7
ch004, 9, 9, 9, 9, 9, 9, 9, 9, 7, 7, 7, 7
ch005, 9, 9, 9, 9, 9, 9, 9, 9, 7, 7, 7, 7
ch006, 9, 9, 9, 9, 9, 9, 9, 9, 7, 7, 7, 7
ch007, 9, 9, 9, 9, 9, 9, 9, 9, 7, 7, 7, 7
ch008, 9, 9, 9, 9, 9, 9, 9, 9, 7, 7, 7, 7
ch009, 9, 9, 9, 9, 9, 9, 9, 9, 7, 7, 7, 7
ch010, 9, 9, 9, 9, 9, 9, 9, 9, 7, 7, 7, 7
ch011, 9, 9, 9, 9, 9, 9, 9, 9, 7, 7, 7, 7
ch012, 0, 0, 0, 0, 0, 0, 0, 0, 0, 0, 0, 0
ch013, 0, 0, 0, 0, 0, 0, 0, 0, 0, 0, 0, 0
ch014, 0, 0, 0, 0, 0, 0, 0, 0, 0, 0, 0, 0
ch036, 0, 0, 0, 0, 0, 0, 0, 0, 0, 0, 0, 0
ch038, 0, 0, 0, 0, 0, 0, 0, 0, 0, 0, 0, 0
ch040, 0, 0, 0, 0, 0, 0, 0, 0, 0, 0, 0, 0
ch042, 0, 0, 0, 0, 0, 0, 0, 0, 0, 0, 0, 0
ch044, 0, 0, 0, 0, 0, 0, 0, 0, 0, 0, 0, 0
ch046, 0, 0, 0, 0, 0, 0, 0, 0, 0, 0, 0, 0
ch048, 0, 0, 0, 0, 0, 0, 0, 0, 0, 0, 0, 0
ch050, 0, 0, 0, 0, 0, 0, 0, 0, 0, 0, 0, 0
ch052, 0, 0, 0, 0, 0, 0, 0, 0, 0, 0, 0, 0
ch054, 0, 0, 0, 0, 0, 0, 0, 0, 0, 0, 0, 0
ch056, 0, 0, 0, 0, 0, 0, 0, 0, 0, 0, 0, 0
ch058, 0, 0, 0, 0, 0, 0, 0, 0, 0, 0, 0, 0
ch060, 0, 0, 0, 0, 0, 0, 0, 0, 0, 0, 0, 0
ch062, 0, 0, 0, 0, 0, 0, 0, 0, 0, 0, 0, 0
ch064, 0, 0, 0, 0, 0, 0, 0, 0, 0, 0, 0, 0
ch100, 0, 0, 0, 0, 0, 0, 0, 0, 0, 0, 0, 0
ch102, 0, 0, 0, 0, 0, 0, 0, 0, 0, 0, 0, 0
ch104, 0, 0, 0, 0, 0, 0, 0, 0, 0, 0, 0, 0
ch106, 0, 0, 0, 0, 0, 0, 0, 0, 0, 0, 0, 0
ch108, 0, 0, 0, 0, 0, 0, 0, 0, 0, 0, 0, 0
ch110, 0, 0, 0, 0, 0, 0, 0, 0, 0, 0, 0, 0
ch112, 0, 0, 0, 0, 0, 0, 0, 0, 0, 0, 0, 0
ch114, 0, 0, 0, 0, 0, 0, 0, 0, 0, 0, 0, 0
ch116, 0, 0, 0, 0, 0, 0, 0, 0, 0, 0, 0, 0
ch118, 0, 0, 0, 0, 0, 0, 0, 0, 0, 0, 0, 0
ch120, 0, 0, 0, 0, 0, 0, 0, 0, 0, 0, 0, 0
ch122, 0, 0, 0, 0, 0, 0, 0, 0, 0, 0, 0, 0
ch124, 0, 0, 0, 0, 0, 0, 0, 0, 0, 0, 0, 0
ch126, 0, 0, 0, 0, 0, 0, 0, 0, 0, 0, 0, 0
ch128, 0, 0, 0, 0, 0, 0, 0, 0, 0, 0, 0, 0
ch132, 0, 0, 0, 0, 0, 0, 0, 0, 0, 0, 0, 0
ch134, 0, 0, 0, 0, 0, 0, 0, 0, 0, 0, 0, 0
ch136, 0, 0, 0, 0, 0, 0, 0, 0, 0, 0, 0, 0
ch138, 0, 0, 0, 0, 0, 0, 0, 0, 0, 0, 0, 0
ch140, 0, 0, 0, 0, 0, 0, 0, 0, 0, 0, 0, 0
ch142, 0, 0, 0, 0, 0, 0, 0, 0, 0, 0, 0, 0
ch144, 0, 0, 0, 0, 0, 0, 0, 0, 0, 0, 0, 0
ch149, 0, 0, 0, 0, 0, 0, 0, 0, 0, 0, 0, 0
ch151, 0, 0, 0, 0, 0, 0, 0, 0, 0, 0, 0, 0
ch153, 0, 0, 0, 0, 0, 0, 0, 0, 0, 0, 0, 0
ch155, 0, 0, 0, 0, 0, 0, 0, 0, 0, 0, 0, 0
ch157, 0, 0, 0, 0, 0, 0, 0, 0, 0, 0, 0, 0
ch159, 0, 0, 0, 0, 0, 0, 0, 0, 0, 0, 0, 0
ch161, 0, 0, 0, 0, 0, 0, 0, 0, 0, 0, 0, 0
ch165, 0, 0, 0, 0, 0, 0, 0, 0, 0, 0, 0, 0
</ru26>

<ru52, m0, m1, m2, m3, m4, m5, m6, m7, m8, m9, m10, m11>
ch001, 9, 9, 9, 9, 9, 9, 9, 9, 9, 9, 9, 9
ch002, 9, 9, 9, 9, 9, 9, 9, 9, 9, 9, 9, 9
ch003, 9, 9, 9, 9, 9, 9, 9, 9, 9, 9, 9, 9
ch004, 9, 9, 9, 9, 9, 9, 9, 9, 9, 9, 9, 9
ch005, 9, 9, 9, 9, 9, 9, 9, 9, 9, 9, 9, 9
ch006, 9, 9, 9, 9, 9, 9, 9, 9, 9, 9, 9, 9
ch007, 9, 9, 9, 9, 9, 9, 9, 9, 9, 9, 9, 9
ch008, 9, 9, 9, 9, 9, 9, 9, 9, 9, 9, 9, 9
ch009, 9, 9, 9, 9, 9, 9, 9, 9, 9, 9, 9, 9
ch010, 9, 9, 9, 9, 9, 9, 9, 9, 9, 9, 9, 9
ch011, 9, 9, 9, 9, 9, 9, 9, 9, 9, 9, 9, 9
ch012, 0, 0, 0, 0, 0, 0, 0, 0, 0, 0, 0, 0
ch013, 0, 0, 0, 0, 0, 0, 0, 0, 0, 0, 0, 0
ch014, 0, 0, 0, 0, 0, 0, 0, 0, 0, 0, 0, 0
ch036, 0, 0, 0, 0, 0, 0, 0, 0, 0, 0, 0, 0
ch038, 0, 0, 0, 0, 0, 0, 0, 0, 0, 0, 0, 0
ch040, 0, 0, 0, 0, 0, 0, 0, 0, 0, 0, 0, 0
ch042, 0, 0, 0, 0, 0, 0, 0, 0, 0, 0, 0, 0
ch044, 0, 0, 0, 0, 0, 0, 0, 0, 0, 0, 0, 0
ch046, 0, 0, 0, 0, 0, 0, 0, 0, 0, 0, 0, 0
ch048, 0, 0, 0, 0, 0, 0, 0, 0, 0, 0, 0, 0
ch050, 0, 0, 0, 0, 0, 0, 0, 0, 0, 0, 0, 0
ch052, 0, 0, 0, 0, 0, 0, 0, 0, 0, 0, 0, 0
ch054, 0, 0, 0, 0, 0, 0, 0, 0, 0, 0, 0, 0
ch056, 0, 0, 0, 0, 0, 0, 0, 0, 0, 0, 0, 0
ch058, 0, 0, 0, 0, 0, 0, 0, 0, 0, 0, 0, 0
ch060, 0, 0, 0, 0, 0, 0, 0, 0, 0, 0, 0, 0
ch062, 0, 0, 0, 0, 0, 0, 0, 0, 0, 0, 0, 0
ch064, 0, 0, 0, 0, 0, 0, 0, 0, 0, 0, 0, 0
ch100, 0, 0, 0, 0, 0, 0, 0, 0, 0, 0, 0, 0
ch102, 0, 0, 0, 0, 0, 0, 0, 0, 0, 0, 0, 0
ch104, 0, 0, 0, 0, 0, 0, 0, 0, 0, 0, 0, 0
ch106, 0, 0, 0, 0, 0, 0, 0, 0, 0, 0, 0, 0
ch108, 0, 0, 0, 0, 0, 0, 0, 0, 0, 0, 0, 0
ch110, 0, 0, 0, 0, 0, 0, 0, 0, 0, 0, 0, 0
ch112, 0, 0, 0, 0, 0, 0, 0, 0, 0, 0, 0, 0
ch114, 0, 0, 0, 0, 0, 0, 0, 0, 0, 0, 0, 0
ch116, 0, 0, 0, 0, 0, 0, 0, 0, 0, 0, 0, 0
ch118, 0, 0, 0, 0, 0, 0, 0, 0, 0, 0, 0, 0
ch120, 0, 0, 0, 0, 0, 0, 0, 0, 0, 0, 0, 0
ch122, 0, 0, 0, 0, 0, 0, 0, 0, 0, 0, 0, 0
ch124, 0, 0, 0, 0, 0, 0, 0, 0, 0, 0, 0, 0
ch126, 0, 0, 0, 0, 0, 0, 0, 0, 0, 0, 0, 0
ch128, 0, 0, 0, 0, 0, 0, 0, 0, 0, 0, 0, 0
ch132, 0, 0, 0, 0, 0, 0, 0, 0, 0, 0, 0, 0
ch134, 0, 0, 0, 0, 0, 0, 0, 0, 0, 0, 0, 0
ch136, 0, 0, 0, 0, 0, 0, 0, 0, 0, 0, 0, 0
ch138, 0, 0, 0, 0, 0, 0, 0, 0, 0, 0, 0, 0
ch140, 0, 0, 0, 0, 0, 0, 0, 0, 0, 0, 0, 0
ch142, 0, 0, 0, 0, 0, 0, 0, 0, 0, 0, 0, 0
ch144, 0, 0, 0, 0, 0, 0, 0, 0, 0, 0, 0, 0
ch149, 0, 0, 0, 0, 0, 0, 0, 0, 0, 0, 0, 0
ch151, 0, 0, 0, 0, 0, 0, 0, 0, 0, 0, 0, 0
ch153, 0, 0, 0, 0, 0, 0, 0, 0, 0, 0, 0, 0
ch155, 0, 0, 0, 0, 0, 0, 0, 0, 0, 0, 0, 0
ch157, 0, 0, 0, 0, 0, 0, 0, 0, 0, 0, 0, 0
ch159, 0, 0, 0, 0, 0, 0, 0, 0, 0, 0, 0, 0
ch161, 0, 0, 0, 0, 0, 0, 0, 0, 0, 0, 0, 0
ch165, 0, 0, 0, 0, 0, 0, 0, 0, 0, 0, 0, 0
</ru52>

<ru106, m0, m1, m2, m3, m4, m5, m6, m7, m8, m9, m10, m11>
ch001, 9, 9, 9, 9, 9, 9, 9, 9, 9, 9, 9, 9
ch002, 9, 9, 9, 9, 9, 9, 9, 9, 9, 9, 9, 9
ch003, 9, 9, 9, 9, 9, 9, 9, 9, 9, 9, 9, 9
ch004, 9, 9, 9, 9, 9, 9, 9, 9, 9, 9, 9, 9
ch005, 9, 9, 9, 9, 9, 9, 9, 9, 9, 9, 9, 9
ch006, 9, 9, 9, 9, 9, 9, 9, 9, 9, 9, 9, 9
ch007, 9, 9, 9, 9, 9, 9, 9, 9, 9, 9, 9, 9
ch008, 9, 9, 9, 9, 9, 9, 9, 9, 9, 9, 9, 9
ch009, 9, 9, 9, 9, 9, 9, 9, 9, 9, 9, 9, 9
ch010, 9, 9, 9, 9, 9, 9, 9, 9, 9, 9, 9, 9
ch011, 9, 9, 9, 9, 9, 9, 9, 9, 9, 9, 9, 9
ch012, 0, 0, 0, 0, 0, 0, 0, 0, 0, 0, 0, 0
ch013, 0, 0, 0, 0, 0, 0, 0, 0, 0, 0, 0, 0
ch014, 0, 0, 0, 0, 0, 0, 0, 0, 0, 0, 0, 0
ch036, 0, 0, 0, 0, 0, 0, 0, 0, 0, 0, 0, 0
ch038, 0, 0, 0, 0, 0, 0, 0, 0, 0, 0, 0, 0
ch040, 0, 0, 0, 0, 0, 0, 0, 0, 0, 0, 0, 0
ch042, 0, 0, 0, 0, 0, 0, 0, 0, 0, 0, 0, 0
ch044, 0, 0, 0, 0, 0, 0, 0, 0, 0, 0, 0, 0
ch046, 0, 0, 0, 0, 0, 0, 0, 0, 0, 0, 0, 0
ch048, 0, 0, 0, 0, 0, 0, 0, 0, 0, 0, 0, 0
ch050, 0, 0, 0, 0, 0, 0, 0, 0, 0, 0, 0, 0
ch052, 0, 0, 0, 0, 0, 0, 0, 0, 0, 0, 0, 0
ch054, 0, 0, 0, 0, 0, 0, 0, 0, 0, 0, 0, 0
ch056, 0, 0, 0, 0, 0, 0, 0, 0, 0, 0, 0, 0
ch058, 0, 0, 0, 0, 0, 0, 0, 0, 0, 0, 0, 0
ch060, 0, 0, 0, 0, 0, 0, 0, 0, 0, 0, 0, 0
ch062, 0, 0, 0, 0, 0, 0, 0, 0, 0, 0, 0, 0
ch064, 0, 0, 0, 0, 0, 0, 0, 0, 0, 0, 0, 0
ch100, 0, 0, 0, 0, 0, 0, 0, 0, 0, 0, 0, 0
ch102, 0, 0, 0, 0, 0, 0, 0, 0, 0, 0, 0, 0
ch104, 0, 0, 0, 0, 0, 0, 0, 0, 0, 0, 0, 0
ch106, 0, 0, 0, 0, 0, 0, 0, 0, 0, 0, 0, 0
ch108, 0, 0, 0, 0, 0, 0, 0, 0, 0, 0, 0, 0
ch110, 0, 0, 0, 0, 0, 0, 0, 0, 0, 0, 0, 0
ch112, 0, 0, 0, 0, 0, 0, 0, 0, 0, 0, 0, 0
ch114, 0, 0, 0, 0, 0, 0, 0, 0, 0, 0, 0, 0
ch116, 0, 0, 0, 0, 0, 0, 0, 0, 0, 0, 0, 0
ch118, 0, 0, 0, 0, 0, 0, 0, 0, 0, 0, 0, 0
ch120, 0, 0, 0, 0, 0, 0, 0, 0, 0, 0, 0, 0
ch122, 0, 0, 0, 0, 0, 0, 0, 0, 0, 0, 0, 0
ch124, 0, 0, 0, 0, 0, 0, 0, 0, 0, 0, 0, 0
ch126, 0, 0, 0, 0, 0, 0, 0, 0, 0, 0, 0, 0
ch128, 0, 0, 0, 0, 0, 0, 0, 0, 0, 0, 0, 0
ch132, 0, 0, 0, 0, 0, 0, 0, 0, 0, 0, 0, 0
ch134, 0, 0, 0, 0, 0, 0, 0, 0, 0, 0, 0, 0
ch136, 0, 0, 0, 0, 0, 0, 0, 0, 0, 0, 0, 0
ch138, 0, 0, 0, 0, 0, 0, 0, 0, 0, 0, 0, 0
ch140, 0, 0, 0, 0, 0, 0, 0, 0, 0, 0, 0, 0
ch142, 0, 0, 0, 0, 0, 0, 0, 0, 0, 0, 0, 0
ch144, 0, 0, 0, 0, 0, 0, 0, 0, 0, 0, 0, 0
ch149, 0, 0, 0, 0, 0, 0, 0, 0, 0, 0, 0, 0
ch151, 0, 0, 0, 0, 0, 0, 0, 0, 0, 0, 0, 0
ch153, 0, 0, 0, 0, 0, 0, 0, 0, 0, 0, 0, 0
ch155, 0, 0, 0, 0, 0, 0, 0, 0, 0, 0, 0, 0
ch157, 0, 0, 0, 0, 0, 0, 0, 0, 0, 0, 0, 0
ch159, 0, 0, 0, 0, 0, 0, 0, 0, 0, 0, 0, 0
ch161, 0, 0, 0, 0, 0, 0, 0, 0, 0, 0, 0, 0
ch165, 0, 0, 0, 0, 0, 0, 0, 0, 0, 0, 0, 0
</ru106>

<ru242, m0, m1, m2, m3, m4, m5, m6, m7, m8, m9, m10, m11>
ch001, 9, 9, 9, 9, 9, 9, 9, 9, 9, 9, 9, 9
ch002, 9, 9, 9, 9, 9, 9, 9, 9, 9, 9, 9, 9
ch003, 9, 9, 9, 9, 9, 9, 9, 9, 9, 9, 9, 9
ch004, 9, 9, 9, 9, 9, 9, 9, 9, 9, 9, 9, 9
ch005, 9, 9, 9, 9, 9, 9, 9, 9, 9, 9, 9, 9
ch006, 9, 9, 9, 9, 9, 9, 9, 9, 9, 9, 9, 9
ch007, 9, 9, 9, 9, 9, 9, 9, 9, 9, 9, 9, 9
ch008, 9, 9, 9, 9, 9, 9, 9, 9, 9, 9, 9, 9
ch009, 9, 9, 9, 9, 9, 9, 9, 9, 9, 9, 9, 9
ch010, 9, 9, 9, 9, 9, 9, 9, 9, 9, 9, 9, 9
ch011, 9, 9, 9, 9, 9, 9, 9, 9, 9, 9, 9, 9
ch012, 0, 0, 0, 0, 0, 0, 0, 0, 0, 0, 0, 0
ch013, 0, 0, 0, 0, 0, 0, 0, 0, 0, 0, 0, 0
ch014, 0, 0, 0, 0, 0, 0, 0, 0, 0, 0, 0, 0
ch036, 0, 0, 0, 0, 0, 0, 0, 0, 0, 0, 0, 0
ch038, 0, 0, 0, 0, 0, 0, 0, 0, 0, 0, 0, 0
ch040, 0, 0, 0, 0, 0, 0, 0, 0, 0, 0, 0, 0
ch042, 0, 0, 0, 0, 0, 0, 0, 0, 0, 0, 0, 0
ch044, 0, 0, 0, 0, 0, 0, 0, 0, 0, 0, 0, 0
ch046, 0, 0, 0, 0, 0, 0, 0, 0, 0, 0, 0, 0
ch048, 0, 0, 0, 0, 0, 0, 0, 0, 0, 0, 0, 0
ch050, 0, 0, 0, 0, 0, 0, 0, 0, 0, 0, 0, 0
ch052, 0, 0, 0, 0, 0, 0, 0, 0, 0, 0, 0, 0
ch054, 0, 0, 0, 0, 0, 0, 0, 0, 0, 0, 0, 0
ch056, 0, 0, 0, 0, 0, 0, 0, 0, 0, 0, 0, 0
ch058, 0, 0, 0, 0, 0, 0, 0, 0, 0, 0, 0, 0
ch060, 0, 0, 0, 0, 0, 0, 0, 0, 0, 0, 0, 0
ch062, 0, 0, 0, 0, 0, 0, 0, 0, 0, 0, 0, 0
ch064, 0, 0, 0, 0, 0, 0, 0, 0, 0, 0, 0, 0
ch100, 0, 0, 0, 0, 0, 0, 0, 0, 0, 0, 0, 0
ch102, 0, 0, 0, 0, 0, 0, 0, 0, 0, 0, 0, 0
ch104, 0, 0, 0, 0, 0, 0, 0, 0, 0, 0, 0, 0
ch106, 0, 0, 0, 0, 0, 0, 0, 0, 0, 0, 0, 0
ch108, 0, 0, 0, 0, 0, 0, 0, 0, 0, 0, 0, 0
ch110, 0, 0, 0, 0, 0, 0, 0, 0, 0, 0, 0, 0
ch112, 0, 0, 0, 0, 0, 0, 0, 0, 0, 0, 0, 0
ch114, 0, 0, 0, 0, 0, 0, 0, 0, 0, 0, 0, 0
ch116, 0, 0, 0, 0, 0, 0, 0, 0, 0, 0, 0, 0
ch118, 0, 0, 0, 0, 0, 0, 0, 0, 0, 0, 0, 0
ch120, 0, 0, 0, 0, 0, 0, 0, 0, 0, 0, 0, 0
ch122, 0, 0, 0, 0, 0, 0, 0, 0, 0, 0, 0, 0
ch124, 0, 0, 0, 0, 0, 0, 0, 0, 0, 0, 0, 0
ch126, 0, 0, 0, 0, 0, 0, 0, 0, 0, 0, 0, 0
ch128, 0, 0, 0, 0, 0, 0, 0, 0, 0, 0, 0, 0
ch132, 0, 0, 0, 0, 0, 0, 0, 0, 0, 0, 0, 0
ch134, 0, 0, 0, 0, 0, 0, 0, 0, 0, 0, 0, 0
ch136, 0, 0, 0, 0, 0, 0, 0, 0, 0, 0, 0, 0
ch138, 0, 0, 0, 0, 0, 0, 0, 0, 0, 0, 0, 0
ch140, 0, 0, 0, 0, 0, 0, 0, 0, 0, 0, 0, 0
ch142, 0, 0, 0, 0, 0, 0, 0, 0, 0, 0, 0, 0
ch144, 0, 0, 0, 0, 0, 0, 0, 0, 0, 0, 0, 0
ch149, 0, 0, 0, 0, 0, 0, 0, 0, 0, 0, 0, 0
ch151, 0, 0, 0, 0, 0, 0, 0, 0, 0, 0, 0, 0
ch153, 0, 0, 0, 0, 0, 0, 0, 0, 0, 0, 0, 0
ch155, 0, 0, 0, 0, 0, 0, 0, 0, 0, 0, 0, 0
ch157, 0, 0, 0, 0, 0, 0, 0, 0, 0, 0, 0, 0
ch159, 0, 0, 0, 0, 0, 0, 0, 0, 0, 0, 0, 0
ch161, 0, 0, 0, 0, 0, 0, 0, 0, 0, 0, 0, 0
ch165, 0, 0, 0, 0, 0, 0, 0, 0, 0, 0, 0, 0
</ru242>

<ru484, m0, m1, m2, m3, m4, m5, m6, m7, m8, m9, m10, m11>
ch038, 0, 0, 0, 0, 0, 0, 0, 0, 0, 0, 0, 0
ch042, 0, 0, 0, 0, 0, 0, 0, 0, 0, 0, 0, 0
ch046, 0, 0, 0, 0, 0, 0, 0, 0, 0, 0, 0, 0
ch050, 0, 0, 0, 0, 0, 0, 0, 0, 0, 0, 0, 0
ch054, 0, 0, 0, 0, 0, 0, 0, 0, 0, 0, 0, 0
ch058, 0, 0, 0, 0, 0, 0, 0, 0, 0, 0, 0, 0
ch062, 0, 0, 0, 0, 0, 0, 0, 0, 0, 0, 0, 0
ch102, 0, 0, 0, 0, 0, 0, 0, 0, 0, 0, 0, 0
ch106, 0, 0, 0, 0, 0, 0, 0, 0, 0, 0, 0, 0
ch110, 0, 0, 0, 0, 0, 0, 0, 0, 0, 0, 0, 0
ch114, 0, 0, 0, 0, 0, 0, 0, 0, 0, 0, 0, 0
ch118, 0, 0, 0, 0, 0, 0, 0, 0, 0, 0, 0, 0
ch122, 0, 0, 0, 0, 0, 0, 0, 0, 0, 0, 0, 0
ch126, 0, 0, 0, 0, 0, 0, 0, 0, 0, 0, 0, 0
ch134, 0, 0, 0, 0, 0, 0, 0, 0, 0, 0, 0, 0
ch138, 0, 0, 0, 0, 0, 0, 0, 0, 0, 0, 0, 0
ch142, 0, 0, 0, 0, 0, 0, 0, 0, 0, 0, 0, 0
ch151, 0, 0, 0, 0, 0, 0, 0, 0, 0, 0, 0, 0
ch155, 0, 0, 0, 0, 0, 0, 0, 0, 0, 0, 0, 0
ch159, 0, 0, 0, 0, 0, 0, 0, 0, 0, 0, 0, 0
</ru484>

<ru996, m0, m1, m2, m3, m4, m5, m6, m7, m8, m9, m10, m11>
ch042, 0, 0, 0, 0, 0, 0, 0, 0, 0, 0, 0, 0
ch050, 0, 0, 0, 0, 0, 0, 0, 0, 0, 0, 0, 0
ch058, 0, 0, 0, 0, 0, 0, 0, 0, 0, 0, 0, 0
ch106, 0, 0, 0, 0, 0, 0, 0, 0, 0, 0, 0, 0
ch114, 0, 0, 0, 0, 0, 0, 0, 0, 0, 0, 0, 0
ch122, 0, 0, 0, 0, 0, 0, 0, 0, 0, 0, 0, 0
ch138, 0, 0, 0, 0, 0, 0, 0, 0, 0, 0, 0, 0
ch155, 0, 0, 0, 0, 0, 0, 0, 0, 0, 0, 0, 0
</ru996>

